Sample_ID,H2S_Concentration_ppm,Exposure_Time_h,Target_Dose_ppm_h,Temperature_C,Relative_Humidity_pct,Shelf_Age_days,Sensor_Chemistry,Visual_Stage,L_star,a_star,b_star,Delta_E_CIE76,Prototype_Severity_Class,Data_Status,Data_Origin,Underlying_Model,Literature_Anchor,Synthetic_Flag
CP-001,0.00,1.00,0.000,33.3,33.3,36,Ag/Cu Dual-Zone,Stage 1: Fresh Unexposed (Deep Purple / Violet),40.6,26.6,-22.5,0.79,NORMAL,SYNTHETIC / LITERATURE-INFORMED — NOT LAB CALIBRATED,SYNTHETIC_SIMULATION_V2,Empirical Two-Chromophore Ag/Cu Dual-Zone Displacer + Sensor Scatter Noise,"Thongboon et al. 2023 / Wang et al. 2022 (Pristine Ag/Cu Dual-Zone, λmax ~550 nm)",TRUE (MODELED DATA)
CP-002,0.00,0.50,0.000,20.1,53.1,4,Ag/Cu Dual-Zone,Stage 1: Fresh Unexposed (Deep Purple / Violet),39.6,26.1,-21.4,1.09,NORMAL,SYNTHETIC / LITERATURE-INFORMED — NOT LAB CALIBRATED,SYNTHETIC_SIMULATION_V2,Empirical Two-Chromophore Ag/Cu Dual-Zone Displacer + Sensor Scatter Noise,"Thongboon et al. 2023 / Wang et al. 2022 (Pristine Ag/Cu Dual-Zone, λmax ~550 nm)",TRUE (MODELED DATA)
CP-003,0.00,4.00,0.000,18.6,41.9,70,Ag/Cu Dual-Zone,Stage 1: Fresh Unexposed (Deep Purple / Violet),40.6,26.5,-22.0,0.51,NORMAL,SYNTHETIC / LITERATURE-INFORMED — NOT LAB CALIBRATED,SYNTHETIC_SIMULATION_V2,Empirical Two-Chromophore Ag/Cu Dual-Zone Displacer + Sensor Scatter Noise,"Thongboon et al. 2023 / Wang et al. 2022 (Pristine Ag/Cu Dual-Zone, λmax ~550 nm)",TRUE (MODELED DATA)
CP-004,0.00,2.00,0.000,37.3,66.9,44,Ag/Cu Dual-Zone,Stage 1: Fresh Unexposed (Deep Purple / Violet),40.5,26.6,-20.9,1.25,NORMAL,SYNTHETIC / LITERATURE-INFORMED — NOT LAB CALIBRATED,SYNTHETIC_SIMULATION_V2,Empirical Two-Chromophore Ag/Cu Dual-Zone Displacer + Sensor Scatter Noise,"Thongboon et al. 2023 / Wang et al. 2022 (Pristine Ag/Cu Dual-Zone, λmax ~550 nm)",TRUE (MODELED DATA)
CP-005,0.00,2.00,0.000,26.1,36.6,13,Ag/Cu Dual-Zone,Stage 1: Fresh Unexposed (Deep Purple / Violet),40.9,25.6,-21.7,0.64,NORMAL,SYNTHETIC / LITERATURE-INFORMED — NOT LAB CALIBRATED,SYNTHETIC_SIMULATION_V2,Empirical Two-Chromophore Ag/Cu Dual-Zone Displacer + Sensor Scatter Noise,"Thongboon et al. 2023 / Wang et al. 2022 (Pristine Ag/Cu Dual-Zone, λmax ~550 nm)",TRUE (MODELED DATA)
CP-006,0.00,0.50,0.000,30.9,80.7,49,Ag/Cu Dual-Zone,Stage 1: Fresh Unexposed (Deep Purple / Violet),39.8,25.3,-22.3,1.03,NORMAL,SYNTHETIC / LITERATURE-INFORMED — NOT LAB CALIBRATED,SYNTHETIC_SIMULATION_V2,Empirical Two-Chromophore Ag/Cu Dual-Zone Displacer + Sensor Scatter Noise,"Thongboon et al. 2023 / Wang et al. 2022 (Pristine Ag/Cu Dual-Zone, λmax ~550 nm)",TRUE (MODELED DATA)
CP-007,0.00,1.00,0.000,32.8,75.1,74,Ag/Cu Dual-Zone,Stage 1: Fresh Unexposed (Deep Purple / Violet),40.5,25.9,-21.9,0.14,NORMAL,SYNTHETIC / LITERATURE-INFORMED — NOT LAB CALIBRATED,SYNTHETIC_SIMULATION_V2,Empirical Two-Chromophore Ag/Cu Dual-Zone Displacer + Sensor Scatter Noise,"Thongboon et al. 2023 / Wang et al. 2022 (Pristine Ag/Cu Dual-Zone, λmax ~550 nm)",TRUE (MODELED DATA)
CP-008,0.00,4.00,0.000,19.9,43.6,13,Ag/Cu Dual-Zone,Stage 1: Fresh Unexposed (Deep Purple / Violet),40.9,25.9,-21.2,0.90,NORMAL,SYNTHETIC / LITERATURE-INFORMED — NOT LAB CALIBRATED,SYNTHETIC_SIMULATION_V2,Empirical Two-Chromophore Ag/Cu Dual-Zone Displacer + Sensor Scatter Noise,"Thongboon et al. 2023 / Wang et al. 2022 (Pristine Ag/Cu Dual-Zone, λmax ~550 nm)",TRUE (MODELED DATA)
CP-009,0.00,8.00,0.000,26.8,50.5,27,Ag/Cu Dual-Zone,Stage 1: Fresh Unexposed (Deep Purple / Violet),40.4,26.9,-22.5,1.03,NORMAL,SYNTHETIC / LITERATURE-INFORMED — NOT LAB CALIBRATED,SYNTHETIC_SIMULATION_V2,Empirical Two-Chromophore Ag/Cu Dual-Zone Displacer + Sensor Scatter Noise,"Thongboon et al. 2023 / Wang et al. 2022 (Pristine Ag/Cu Dual-Zone, λmax ~550 nm)",TRUE (MODELED DATA)
CP-010,0.00,4.00,0.000,22.1,68.5,21,Ag/Cu Dual-Zone,Stage 1: Fresh Unexposed (Deep Purple / Violet),40.0,25.1,-20.9,1.51,NORMAL,SYNTHETIC / LITERATURE-INFORMED — NOT LAB CALIBRATED,SYNTHETIC_SIMULATION_V2,Empirical Two-Chromophore Ag/Cu Dual-Zone Displacer + Sensor Scatter Noise,"Thongboon et al. 2023 / Wang et al. 2022 (Pristine Ag/Cu Dual-Zone, λmax ~550 nm)",TRUE (MODELED DATA)
CP-011,0.00,0.50,0.000,33.4,59.8,42,Ag/Cu Dual-Zone,Stage 1: Fresh Unexposed (Deep Purple / Violet),40.5,26.1,-22.2,0.22,NORMAL,SYNTHETIC / LITERATURE-INFORMED — NOT LAB CALIBRATED,SYNTHETIC_SIMULATION_V2,Empirical Two-Chromophore Ag/Cu Dual-Zone Displacer + Sensor Scatter Noise,"Thongboon et al. 2023 / Wang et al. 2022 (Pristine Ag/Cu Dual-Zone, λmax ~550 nm)",TRUE (MODELED DATA)
CP-012,0.00,1.00,0.000,23.1,79.1,41,Ag/Cu Dual-Zone,Stage 1: Fresh Unexposed (Deep Purple / Violet),40.8,25.8,-22.5,0.62,NORMAL,SYNTHETIC / LITERATURE-INFORMED — NOT LAB CALIBRATED,SYNTHETIC_SIMULATION_V2,Empirical Two-Chromophore Ag/Cu Dual-Zone Displacer + Sensor Scatter Noise,"Thongboon et al. 2023 / Wang et al. 2022 (Pristine Ag/Cu Dual-Zone, λmax ~550 nm)",TRUE (MODELED DATA)
CP-013,0.00,1.00,0.000,39.9,54.9,34,Ag/Cu Dual-Zone,Stage 1: Fresh Unexposed (Deep Purple / Violet),40.5,26.5,-22.1,0.51,NORMAL,SYNTHETIC / LITERATURE-INFORMED — NOT LAB CALIBRATED,SYNTHETIC_SIMULATION_V2,Empirical Two-Chromophore Ag/Cu Dual-Zone Displacer + Sensor Scatter Noise,"Thongboon et al. 2023 / Wang et al. 2022 (Pristine Ag/Cu Dual-Zone, λmax ~550 nm)",TRUE (MODELED DATA)
CP-014,0.00,1.00,0.000,39.5,52.0,29,Ag/Cu Dual-Zone,Stage 1: Fresh Unexposed (Deep Purple / Violet),41.1,25.8,-22.0,0.63,NORMAL,SYNTHETIC / LITERATURE-INFORMED — NOT LAB CALIBRATED,SYNTHETIC_SIMULATION_V2,Empirical Two-Chromophore Ag/Cu Dual-Zone Displacer + Sensor Scatter Noise,"Thongboon et al. 2023 / Wang et al. 2022 (Pristine Ag/Cu Dual-Zone, λmax ~550 nm)",TRUE (MODELED DATA)
CP-015,0.00,8.00,0.000,19.1,37.5,21,Ag/Cu Dual-Zone,Stage 1: Fresh Unexposed (Deep Purple / Violet),40.4,26.1,-23.3,1.31,NORMAL,SYNTHETIC / LITERATURE-INFORMED — NOT LAB CALIBRATED,SYNTHETIC_SIMULATION_V2,Empirical Two-Chromophore Ag/Cu Dual-Zone Displacer + Sensor Scatter Noise,"Thongboon et al. 2023 / Wang et al. 2022 (Pristine Ag/Cu Dual-Zone, λmax ~550 nm)",TRUE (MODELED DATA)
CP-016,0.00,8.00,0.000,30.7,80.6,2,Ag/Cu Dual-Zone,Stage 1: Fresh Unexposed (Deep Purple / Violet),41.5,25.9,-22.8,1.28,NORMAL,SYNTHETIC / LITERATURE-INFORMED — NOT LAB CALIBRATED,SYNTHETIC_SIMULATION_V2,Empirical Two-Chromophore Ag/Cu Dual-Zone Displacer + Sensor Scatter Noise,"Thongboon et al. 2023 / Wang et al. 2022 (Pristine Ag/Cu Dual-Zone, λmax ~550 nm)",TRUE (MODELED DATA)
CP-017,0.00,0.50,0.000,30.9,45.3,44,Ag/Cu Dual-Zone,Stage 1: Fresh Unexposed (Deep Purple / Violet),40.4,26.2,-21.1,0.93,NORMAL,SYNTHETIC / LITERATURE-INFORMED — NOT LAB CALIBRATED,SYNTHETIC_SIMULATION_V2,Empirical Two-Chromophore Ag/Cu Dual-Zone Displacer + Sensor Scatter Noise,"Thongboon et al. 2023 / Wang et al. 2022 (Pristine Ag/Cu Dual-Zone, λmax ~550 nm)",TRUE (MODELED DATA)
CP-018,0.00,6.00,0.000,35.3,80.6,23,Ag/Cu Dual-Zone,Stage 1: Fresh Unexposed (Deep Purple / Violet),40.5,26.7,-22.6,0.92,NORMAL,SYNTHETIC / LITERATURE-INFORMED — NOT LAB CALIBRATED,SYNTHETIC_SIMULATION_V2,Empirical Two-Chromophore Ag/Cu Dual-Zone Displacer + Sensor Scatter Noise,"Thongboon et al. 2023 / Wang et al. 2022 (Pristine Ag/Cu Dual-Zone, λmax ~550 nm)",TRUE (MODELED DATA)
CP-019,0.00,1.00,0.000,25.2,63.9,26,Ag/Cu Dual-Zone,Stage 1: Fresh Unexposed (Deep Purple / Violet),40.3,26.2,-20.8,1.23,NORMAL,SYNTHETIC / LITERATURE-INFORMED — NOT LAB CALIBRATED,SYNTHETIC_SIMULATION_V2,Empirical Two-Chromophore Ag/Cu Dual-Zone Displacer + Sensor Scatter Noise,"Thongboon et al. 2023 / Wang et al. 2022 (Pristine Ag/Cu Dual-Zone, λmax ~550 nm)",TRUE (MODELED DATA)
CP-020,0.00,0.50,0.000,40.0,61.9,63,Ag/Cu Dual-Zone,Stage 1: Fresh Unexposed (Deep Purple / Violet),40.2,26.3,-21.7,0.52,NORMAL,SYNTHETIC / LITERATURE-INFORMED — NOT LAB CALIBRATED,SYNTHETIC_SIMULATION_V2,Empirical Two-Chromophore Ag/Cu Dual-Zone Displacer + Sensor Scatter Noise,"Thongboon et al. 2023 / Wang et al. 2022 (Pristine Ag/Cu Dual-Zone, λmax ~550 nm)",TRUE (MODELED DATA)
CP-021,0.00,0.50,0.000,41.6,72.3,31,Ag/Cu Dual-Zone,Stage 1: Fresh Unexposed (Deep Purple / Violet),40.5,26.5,-21.2,0.94,NORMAL,SYNTHETIC / LITERATURE-INFORMED — NOT LAB CALIBRATED,SYNTHETIC_SIMULATION_V2,Empirical Two-Chromophore Ag/Cu Dual-Zone Displacer + Sensor Scatter Noise,"Thongboon et al. 2023 / Wang et al. 2022 (Pristine Ag/Cu Dual-Zone, λmax ~550 nm)",TRUE (MODELED DATA)
CP-022,0.00,1.00,0.000,37.6,80.9,69,Ag/Cu Dual-Zone,Stage 1: Fresh Unexposed (Deep Purple / Violet),40.8,26.3,-21.5,0.66,NORMAL,SYNTHETIC / LITERATURE-INFORMED — NOT LAB CALIBRATED,SYNTHETIC_SIMULATION_V2,Empirical Two-Chromophore Ag/Cu Dual-Zone Displacer + Sensor Scatter Noise,"Thongboon et al. 2023 / Wang et al. 2022 (Pristine Ag/Cu Dual-Zone, λmax ~550 nm)",TRUE (MODELED DATA)
CP-023,0.00,1.00,0.000,31.2,45.3,55,Ag/Cu Dual-Zone,Stage 1: Fresh Unexposed (Deep Purple / Violet),41.2,25.7,-22.3,0.82,NORMAL,SYNTHETIC / LITERATURE-INFORMED — NOT LAB CALIBRATED,SYNTHETIC_SIMULATION_V2,Empirical Two-Chromophore Ag/Cu Dual-Zone Displacer + Sensor Scatter Noise,"Thongboon et al. 2023 / Wang et al. 2022 (Pristine Ag/Cu Dual-Zone, λmax ~550 nm)",TRUE (MODELED DATA)
CP-024,0.00,4.00,0.000,27.6,65.6,48,Ag/Cu Dual-Zone,Stage 1: Fresh Unexposed (Deep Purple / Violet),39.8,26.4,-22.4,0.90,NORMAL,SYNTHETIC / LITERATURE-INFORMED — NOT LAB CALIBRATED,SYNTHETIC_SIMULATION_V2,Empirical Two-Chromophore Ag/Cu Dual-Zone Displacer + Sensor Scatter Noise,"Thongboon et al. 2023 / Wang et al. 2022 (Pristine Ag/Cu Dual-Zone, λmax ~550 nm)",TRUE (MODELED DATA)
CP-025,0.00,6.00,0.000,23.9,35.2,3,Ag/Cu Dual-Zone,Stage 1: Fresh Unexposed (Deep Purple / Violet),39.9,25.8,-21.1,1.10,NORMAL,SYNTHETIC / LITERATURE-INFORMED — NOT LAB CALIBRATED,SYNTHETIC_SIMULATION_V2,Empirical Two-Chromophore Ag/Cu Dual-Zone Displacer + Sensor Scatter Noise,"Thongboon et al. 2023 / Wang et al. 2022 (Pristine Ag/Cu Dual-Zone, λmax ~550 nm)",TRUE (MODELED DATA)
CP-026,0.00,2.00,0.000,19.4,35.4,5,Ag/Cu Dual-Zone,Stage 1: Fresh Unexposed (Deep Purple / Violet),40.5,26.3,-21.8,0.36,NORMAL,SYNTHETIC / LITERATURE-INFORMED — NOT LAB CALIBRATED,SYNTHETIC_SIMULATION_V2,Empirical Two-Chromophore Ag/Cu Dual-Zone Displacer + Sensor Scatter Noise,"Thongboon et al. 2023 / Wang et al. 2022 (Pristine Ag/Cu Dual-Zone, λmax ~550 nm)",TRUE (MODELED DATA)
CP-027,0.00,8.00,0.000,34.1,42.7,17,Ag/Cu Dual-Zone,Stage 1: Fresh Unexposed (Deep Purple / Violet),41.0,25.8,-22.9,1.05,NORMAL,SYNTHETIC / LITERATURE-INFORMED — NOT LAB CALIBRATED,SYNTHETIC_SIMULATION_V2,Empirical Two-Chromophore Ag/Cu Dual-Zone Displacer + Sensor Scatter Noise,"Thongboon et al. 2023 / Wang et al. 2022 (Pristine Ag/Cu Dual-Zone, λmax ~550 nm)",TRUE (MODELED DATA)
CP-028,0.00,8.00,0.000,37.4,41.5,13,Ag/Cu Dual-Zone,Stage 1: Fresh Unexposed (Deep Purple / Violet),40.6,25.6,-21.8,0.46,NORMAL,SYNTHETIC / LITERATURE-INFORMED — NOT LAB CALIBRATED,SYNTHETIC_SIMULATION_V2,Empirical Two-Chromophore Ag/Cu Dual-Zone Displacer + Sensor Scatter Noise,"Thongboon et al. 2023 / Wang et al. 2022 (Pristine Ag/Cu Dual-Zone, λmax ~550 nm)",TRUE (MODELED DATA)
CP-029,0.00,0.50,0.000,29.2,68.5,13,Ag/Cu Dual-Zone,Stage 1: Fresh Unexposed (Deep Purple / Violet),40.2,26.2,-21.7,0.47,NORMAL,SYNTHETIC / LITERATURE-INFORMED — NOT LAB CALIBRATED,SYNTHETIC_SIMULATION_V2,Empirical Two-Chromophore Ag/Cu Dual-Zone Displacer + Sensor Scatter Noise,"Thongboon et al. 2023 / Wang et al. 2022 (Pristine Ag/Cu Dual-Zone, λmax ~550 nm)",TRUE (MODELED DATA)
CP-030,0.00,1.00,0.000,22.6,54.4,55,Ag/Cu Dual-Zone,Stage 1: Fresh Unexposed (Deep Purple / Violet),40.2,25.9,-21.6,0.51,NORMAL,SYNTHETIC / LITERATURE-INFORMED — NOT LAB CALIBRATED,SYNTHETIC_SIMULATION_V2,Empirical Two-Chromophore Ag/Cu Dual-Zone Displacer + Sensor Scatter Noise,"Thongboon et al. 2023 / Wang et al. 2022 (Pristine Ag/Cu Dual-Zone, λmax ~550 nm)",TRUE (MODELED DATA)
CP-031,0.05,5.30,0.265,40.2,54.2,71,Ag/Cu Dual-Zone,Stage 2: Trace Baseline Exposure (Violet-Purple),45.4,30.3,-12.3,11.69,NORMAL,SYNTHETIC / LITERATURE-INFORMED — NOT LAB CALIBRATED,SYNTHETIC_SIMULATION_V2,Empirical Two-Chromophore Ag/Cu Dual-Zone Displacer + Sensor Scatter Noise,Carpenter et al. 2017 / Wang et al. 2022 (Sub-ppm onset),TRUE (MODELED DATA)
CP-032,0.09,3.36,0.302,23.7,52.3,62,Ag/Cu Dual-Zone,Stage 2: Trace Baseline Exposure (Violet-Purple),45.8,30.6,-13.1,11.33,NORMAL,SYNTHETIC / LITERATURE-INFORMED — NOT LAB CALIBRATED,SYNTHETIC_SIMULATION_V2,Empirical Two-Chromophore Ag/Cu Dual-Zone Displacer + Sensor Scatter Noise,Carpenter et al. 2017 / Wang et al. 2022 (Sub-ppm onset),TRUE (MODELED DATA)
CP-033,0.08,1.94,0.155,41.6,45.3,59,Ag/Cu Dual-Zone,Stage 2: Trace Baseline Exposure (Violet-Purple),44.3,28.9,-15.9,7.75,NORMAL,SYNTHETIC / LITERATURE-INFORMED — NOT LAB CALIBRATED,SYNTHETIC_SIMULATION_V2,Empirical Two-Chromophore Ag/Cu Dual-Zone Displacer + Sensor Scatter Noise,Carpenter et al. 2017 / Wang et al. 2022 (Sub-ppm onset),TRUE (MODELED DATA)
CP-034,0.05,1.69,0.085,19.2,55.8,68,Ag/Cu Dual-Zone,Stage 2: Trace Baseline Exposure (Violet-Purple),42.3,26.9,-19.5,3.21,NORMAL,SYNTHETIC / LITERATURE-INFORMED — NOT LAB CALIBRATED,SYNTHETIC_SIMULATION_V2,Empirical Two-Chromophore Ag/Cu Dual-Zone Displacer + Sensor Scatter Noise,Carpenter et al. 2017 / Wang et al. 2022 (Sub-ppm onset),TRUE (MODELED DATA)
CP-035,0.12,2.70,0.324,23.6,38.0,73,Ag/Cu Dual-Zone,Stage 2: Trace Baseline Exposure (Violet-Purple),45.3,30.0,-15.2,9.23,NORMAL,SYNTHETIC / LITERATURE-INFORMED — NOT LAB CALIBRATED,SYNTHETIC_SIMULATION_V2,Empirical Two-Chromophore Ag/Cu Dual-Zone Displacer + Sensor Scatter Noise,Carpenter et al. 2017 / Wang et al. 2022 (Sub-ppm onset),TRUE (MODELED DATA)
CP-036,0.19,1.28,0.243,41.9,35.7,28,Ag/Cu Dual-Zone,Stage 2: Trace Baseline Exposure (Violet-Purple),45.3,29.7,-14.0,10.04,NORMAL,SYNTHETIC / LITERATURE-INFORMED — NOT LAB CALIBRATED,SYNTHETIC_SIMULATION_V2,Empirical Two-Chromophore Ag/Cu Dual-Zone Displacer + Sensor Scatter Noise,Carpenter et al. 2017 / Wang et al. 2022 (Sub-ppm onset),TRUE (MODELED DATA)
CP-037,0.24,0.31,0.074,23.9,46.2,57,Ag/Cu Dual-Zone,Stage 2: Trace Baseline Exposure (Violet-Purple),42.1,26.9,-20.1,2.64,NORMAL,SYNTHETIC / LITERATURE-INFORMED — NOT LAB CALIBRATED,SYNTHETIC_SIMULATION_V2,Empirical Two-Chromophore Ag/Cu Dual-Zone Displacer + Sensor Scatter Noise,Carpenter et al. 2017 / Wang et al. 2022 (Sub-ppm onset),TRUE (MODELED DATA)
CP-038,0.26,1.45,0.377,21.2,37.8,14,Ag/Cu Dual-Zone,Stage 2: Trace Baseline Exposure (Violet-Purple),44.9,30.6,-12.0,11.85,NORMAL,SYNTHETIC / LITERATURE-INFORMED — NOT LAB CALIBRATED,SYNTHETIC_SIMULATION_V2,Empirical Two-Chromophore Ag/Cu Dual-Zone Displacer + Sensor Scatter Noise,Carpenter et al. 2017 / Wang et al. 2022 (Sub-ppm onset),TRUE (MODELED DATA)
CP-039,0.19,2.20,0.418,26.2,66.4,34,Ag/Cu Dual-Zone,Stage 2: Trace Baseline Exposure (Violet-Purple),47.3,31.7,-10.6,14.45,NORMAL,SYNTHETIC / LITERATURE-INFORMED — NOT LAB CALIBRATED,SYNTHETIC_SIMULATION_V2,Empirical Two-Chromophore Ag/Cu Dual-Zone Displacer + Sensor Scatter Noise,Carpenter et al. 2017 / Wang et al. 2022 (Sub-ppm onset),TRUE (MODELED DATA)
CP-040,0.16,0.32,0.051,19.1,48.7,17,Ag/Cu Dual-Zone,Stage 2: Trace Baseline Exposure (Violet-Purple),40.9,27.6,-19.7,2.83,NORMAL,SYNTHETIC / LITERATURE-INFORMED — NOT LAB CALIBRATED,SYNTHETIC_SIMULATION_V2,Empirical Two-Chromophore Ag/Cu Dual-Zone Displacer + Sensor Scatter Noise,Carpenter et al. 2017 / Wang et al. 2022 (Sub-ppm onset),TRUE (MODELED DATA)
CP-041,0.21,1.40,0.294,39.7,59.3,48,Ag/Cu Dual-Zone,Stage 2: Trace Baseline Exposure (Violet-Purple),46.2,31.0,-11.3,13.11,NORMAL,SYNTHETIC / LITERATURE-INFORMED — NOT LAB CALIBRATED,SYNTHETIC_SIMULATION_V2,Empirical Two-Chromophore Ag/Cu Dual-Zone Displacer + Sensor Scatter Noise,Carpenter et al. 2017 / Wang et al. 2022 (Sub-ppm onset),TRUE (MODELED DATA)
CP-042,0.10,1.51,0.151,38.7,76.9,27,Ag/Cu Dual-Zone,Stage 2: Trace Baseline Exposure (Violet-Purple),43.3,28.9,-16.4,6.90,NORMAL,SYNTHETIC / LITERATURE-INFORMED — NOT LAB CALIBRATED,SYNTHETIC_SIMULATION_V2,Empirical Two-Chromophore Ag/Cu Dual-Zone Displacer + Sensor Scatter Noise,Carpenter et al. 2017 / Wang et al. 2022 (Sub-ppm onset),TRUE (MODELED DATA)
CP-043,0.10,1.48,0.148,27.9,41.0,43,Ag/Cu Dual-Zone,Stage 2: Trace Baseline Exposure (Violet-Purple),43.0,27.9,-16.6,6.25,NORMAL,SYNTHETIC / LITERATURE-INFORMED — NOT LAB CALIBRATED,SYNTHETIC_SIMULATION_V2,Empirical Two-Chromophore Ag/Cu Dual-Zone Displacer + Sensor Scatter Noise,Carpenter et al. 2017 / Wang et al. 2022 (Sub-ppm onset),TRUE (MODELED DATA)
CP-044,0.10,0.43,0.043,22.8,77.9,45,Ag/Cu Dual-Zone,Stage 2: Trace Baseline Exposure (Violet-Purple),41.6,27.0,-19.7,2.74,NORMAL,SYNTHETIC / LITERATURE-INFORMED — NOT LAB CALIBRATED,SYNTHETIC_SIMULATION_V2,Empirical Two-Chromophore Ag/Cu Dual-Zone Displacer + Sensor Scatter Noise,Carpenter et al. 2017 / Wang et al. 2022 (Sub-ppm onset),TRUE (MODELED DATA)
CP-045,0.13,0.46,0.060,38.7,80.3,36,Ag/Cu Dual-Zone,Stage 2: Trace Baseline Exposure (Violet-Purple),42.2,27.1,-20.7,2.41,NORMAL,SYNTHETIC / LITERATURE-INFORMED — NOT LAB CALIBRATED,SYNTHETIC_SIMULATION_V2,Empirical Two-Chromophore Ag/Cu Dual-Zone Displacer + Sensor Scatter Noise,Carpenter et al. 2017 / Wang et al. 2022 (Sub-ppm onset),TRUE (MODELED DATA)
CP-046,0.02,7.42,0.148,18.9,61.8,45,Ag/Cu Dual-Zone,Stage 2: Trace Baseline Exposure (Violet-Purple),42.5,27.7,-17.4,5.30,NORMAL,SYNTHETIC / LITERATURE-INFORMED — NOT LAB CALIBRATED,SYNTHETIC_SIMULATION_V2,Empirical Two-Chromophore Ag/Cu Dual-Zone Displacer + Sensor Scatter Noise,Carpenter et al. 2017 / Wang et al. 2022 (Sub-ppm onset),TRUE (MODELED DATA)
CP-047,0.24,1.22,0.293,35.8,65.5,47,Ag/Cu Dual-Zone,Stage 2: Trace Baseline Exposure (Violet-Purple),46.4,30.4,-12.4,12.10,NORMAL,SYNTHETIC / LITERATURE-INFORMED — NOT LAB CALIBRATED,SYNTHETIC_SIMULATION_V2,Empirical Two-Chromophore Ag/Cu Dual-Zone Displacer + Sensor Scatter Noise,Carpenter et al. 2017 / Wang et al. 2022 (Sub-ppm onset),TRUE (MODELED DATA)
CP-048,0.20,0.25,0.050,34.7,59.7,25,Ag/Cu Dual-Zone,Stage 2: Trace Baseline Exposure (Violet-Purple),41.3,26.9,-19.3,2.96,NORMAL,SYNTHETIC / LITERATURE-INFORMED — NOT LAB CALIBRATED,SYNTHETIC_SIMULATION_V2,Empirical Two-Chromophore Ag/Cu Dual-Zone Displacer + Sensor Scatter Noise,Carpenter et al. 2017 / Wang et al. 2022 (Sub-ppm onset),TRUE (MODELED DATA)
CP-049,0.05,7.63,0.382,31.9,64.7,60,Ag/Cu Dual-Zone,Stage 2: Trace Baseline Exposure (Violet-Purple),47.0,32.0,-10.2,14.75,NORMAL,SYNTHETIC / LITERATURE-INFORMED — NOT LAB CALIBRATED,SYNTHETIC_SIMULATION_V2,Empirical Two-Chromophore Ag/Cu Dual-Zone Displacer + Sensor Scatter Noise,Carpenter et al. 2017 / Wang et al. 2022 (Sub-ppm onset),TRUE (MODELED DATA)
CP-050,0.30,0.81,0.243,19.1,81.2,79,Ag/Cu Dual-Zone,Stage 2: Trace Baseline Exposure (Violet-Purple),44.6,29.3,-13.8,9.74,NORMAL,SYNTHETIC / LITERATURE-INFORMED — NOT LAB CALIBRATED,SYNTHETIC_SIMULATION_V2,Empirical Two-Chromophore Ag/Cu Dual-Zone Displacer + Sensor Scatter Noise,Carpenter et al. 2017 / Wang et al. 2022 (Sub-ppm onset),TRUE (MODELED DATA)
CP-051,0.15,1.39,0.208,22.7,66.8,64,Ag/Cu Dual-Zone,Stage 2: Trace Baseline Exposure (Violet-Purple),43.9,28.5,-14.5,8.61,NORMAL,SYNTHETIC / LITERATURE-INFORMED — NOT LAB CALIBRATED,SYNTHETIC_SIMULATION_V2,Empirical Two-Chromophore Ag/Cu Dual-Zone Displacer + Sensor Scatter Noise,Carpenter et al. 2017 / Wang et al. 2022 (Sub-ppm onset),TRUE (MODELED DATA)
CP-052,0.32,1.19,0.381,36.7,42.9,67,Ag/Cu Dual-Zone,Stage 2: Trace Baseline Exposure (Violet-Purple),45.9,31.6,-10.4,13.97,NORMAL,SYNTHETIC / LITERATURE-INFORMED — NOT LAB CALIBRATED,SYNTHETIC_SIMULATION_V2,Empirical Two-Chromophore Ag/Cu Dual-Zone Displacer + Sensor Scatter Noise,Carpenter et al. 2017 / Wang et al. 2022 (Sub-ppm onset),TRUE (MODELED DATA)
CP-053,0.11,2.17,0.239,30.7,59.9,41,Ag/Cu Dual-Zone,Stage 2: Trace Baseline Exposure (Violet-Purple),44.4,29.3,-14.9,8.75,NORMAL,SYNTHETIC / LITERATURE-INFORMED — NOT LAB CALIBRATED,SYNTHETIC_SIMULATION_V2,Empirical Two-Chromophore Ag/Cu Dual-Zone Displacer + Sensor Scatter Noise,Carpenter et al. 2017 / Wang et al. 2022 (Sub-ppm onset),TRUE (MODELED DATA)
CP-054,0.10,2.85,0.285,24.6,35.9,37,Ag/Cu Dual-Zone,Stage 2: Trace Baseline Exposure (Violet-Purple),44.8,29.9,-14.3,9.64,NORMAL,SYNTHETIC / LITERATURE-INFORMED — NOT LAB CALIBRATED,SYNTHETIC_SIMULATION_V2,Empirical Two-Chromophore Ag/Cu Dual-Zone Displacer + Sensor Scatter Noise,Carpenter et al. 2017 / Wang et al. 2022 (Sub-ppm onset),TRUE (MODELED DATA)
CP-055,0.25,0.75,0.188,21.6,51.2,20,Ag/Cu Dual-Zone,Stage 2: Trace Baseline Exposure (Violet-Purple),43.2,29.1,-16.5,6.87,NORMAL,SYNTHETIC / LITERATURE-INFORMED — NOT LAB CALIBRATED,SYNTHETIC_SIMULATION_V2,Empirical Two-Chromophore Ag/Cu Dual-Zone Displacer + Sensor Scatter Noise,Carpenter et al. 2017 / Wang et al. 2022 (Sub-ppm onset),TRUE (MODELED DATA)
CP-056,0.33,0.40,0.132,28.1,77.2,75,Ag/Cu Dual-Zone,Stage 2: Trace Baseline Exposure (Violet-Purple),43.4,28.8,-17.5,6.04,NORMAL,SYNTHETIC / LITERATURE-INFORMED — NOT LAB CALIBRATED,SYNTHETIC_SIMULATION_V2,Empirical Two-Chromophore Ag/Cu Dual-Zone Displacer + Sensor Scatter Noise,Carpenter et al. 2017 / Wang et al. 2022 (Sub-ppm onset),TRUE (MODELED DATA)
CP-057,0.22,1.96,0.431,29.4,79.1,39,Ag/Cu Dual-Zone,Stage 2: Trace Baseline Exposure (Violet-Purple),47.9,32.8,-8.3,16.99,NORMAL,SYNTHETIC / LITERATURE-INFORMED — NOT LAB CALIBRATED,SYNTHETIC_SIMULATION_V2,Empirical Two-Chromophore Ag/Cu Dual-Zone Displacer + Sensor Scatter Noise,Carpenter et al. 2017 / Wang et al. 2022 (Sub-ppm onset),TRUE (MODELED DATA)
CP-058,0.24,0.90,0.216,34.3,52.2,22,Ag/Cu Dual-Zone,Stage 2: Trace Baseline Exposure (Violet-Purple),44.6,28.7,-14.3,9.13,NORMAL,SYNTHETIC / LITERATURE-INFORMED — NOT LAB CALIBRATED,SYNTHETIC_SIMULATION_V2,Empirical Two-Chromophore Ag/Cu Dual-Zone Displacer + Sensor Scatter Noise,Carpenter et al. 2017 / Wang et al. 2022 (Sub-ppm onset),TRUE (MODELED DATA)
CP-059,0.09,2.78,0.250,22.4,45.0,42,Ag/Cu Dual-Zone,Stage 2: Trace Baseline Exposure (Violet-Purple),44.5,29.1,-14.8,8.80,NORMAL,SYNTHETIC / LITERATURE-INFORMED — NOT LAB CALIBRATED,SYNTHETIC_SIMULATION_V2,Empirical Two-Chromophore Ag/Cu Dual-Zone Displacer + Sensor Scatter Noise,Carpenter et al. 2017 / Wang et al. 2022 (Sub-ppm onset),TRUE (MODELED DATA)
CP-060,0.27,0.65,0.176,24.1,36.1,3,Ag/Cu Dual-Zone,Stage 2: Trace Baseline Exposure (Violet-Purple),42.6,28.8,-16.9,6.19,NORMAL,SYNTHETIC / LITERATURE-INFORMED — NOT LAB CALIBRATED,SYNTHETIC_SIMULATION_V2,Empirical Two-Chromophore Ag/Cu Dual-Zone Displacer + Sensor Scatter Noise,Carpenter et al. 2017 / Wang et al. 2022 (Sub-ppm onset),TRUE (MODELED DATA)
CP-061,0.09,0.41,0.037,19.6,79.9,6,Ag/Cu Dual-Zone,Stage 2: Trace Baseline Exposure (Violet-Purple),41.5,26.9,-20.8,1.80,NORMAL,SYNTHETIC / LITERATURE-INFORMED — NOT LAB CALIBRATED,SYNTHETIC_SIMULATION_V2,Empirical Two-Chromophore Ag/Cu Dual-Zone Displacer + Sensor Scatter Noise,Carpenter et al. 2017 / Wang et al. 2022 (Sub-ppm onset),TRUE (MODELED DATA)
CP-062,0.08,4.96,0.397,23.2,67.0,48,Ag/Cu Dual-Zone,Stage 2: Trace Baseline Exposure (Violet-Purple),46.3,31.5,-10.9,13.68,NORMAL,SYNTHETIC / LITERATURE-INFORMED — NOT LAB CALIBRATED,SYNTHETIC_SIMULATION_V2,Empirical Two-Chromophore Ag/Cu Dual-Zone Displacer + Sensor Scatter Noise,Carpenter et al. 2017 / Wang et al. 2022 (Sub-ppm onset),TRUE (MODELED DATA)
CP-063,0.09,4.84,0.436,37.7,80.2,14,Ag/Cu Dual-Zone,Stage 2: Trace Baseline Exposure (Violet-Purple),48.3,32.4,-8.4,16.93,NORMAL,SYNTHETIC / LITERATURE-INFORMED — NOT LAB CALIBRATED,SYNTHETIC_SIMULATION_V2,Empirical Two-Chromophore Ag/Cu Dual-Zone Displacer + Sensor Scatter Noise,Carpenter et al. 2017 / Wang et al. 2022 (Sub-ppm onset),TRUE (MODELED DATA)
CP-064,0.05,7.70,0.385,34.4,72.3,73,Ag/Cu Dual-Zone,Stage 2: Trace Baseline Exposure (Violet-Purple),47.0,31.4,-10.5,14.27,NORMAL,SYNTHETIC / LITERATURE-INFORMED — NOT LAB CALIBRATED,SYNTHETIC_SIMULATION_V2,Empirical Two-Chromophore Ag/Cu Dual-Zone Displacer + Sensor Scatter Noise,Carpenter et al. 2017 / Wang et al. 2022 (Sub-ppm onset),TRUE (MODELED DATA)
CP-065,0.05,7.08,0.354,35.0,53.8,67,Ag/Cu Dual-Zone,Stage 2: Trace Baseline Exposure (Violet-Purple),46.5,31.7,-11.6,13.29,NORMAL,SYNTHETIC / LITERATURE-INFORMED — NOT LAB CALIBRATED,SYNTHETIC_SIMULATION_V2,Empirical Two-Chromophore Ag/Cu Dual-Zone Displacer + Sensor Scatter Noise,Carpenter et al. 2017 / Wang et al. 2022 (Sub-ppm onset),TRUE (MODELED DATA)
CP-066,0.11,2.42,0.266,18.7,74.5,24,Ag/Cu Dual-Zone,Stage 2: Trace Baseline Exposure (Violet-Purple),44.8,29.3,-14.4,9.33,NORMAL,SYNTHETIC / LITERATURE-INFORMED — NOT LAB CALIBRATED,SYNTHETIC_SIMULATION_V2,Empirical Two-Chromophore Ag/Cu Dual-Zone Displacer + Sensor Scatter Noise,Carpenter et al. 2017 / Wang et al. 2022 (Sub-ppm onset),TRUE (MODELED DATA)
CP-067,0.05,5.83,0.292,31.3,57.8,25,Ag/Cu Dual-Zone,Stage 2: Trace Baseline Exposure (Violet-Purple),44.8,30.5,-13.1,10.86,NORMAL,SYNTHETIC / LITERATURE-INFORMED — NOT LAB CALIBRATED,SYNTHETIC_SIMULATION_V2,Empirical Two-Chromophore Ag/Cu Dual-Zone Displacer + Sensor Scatter Noise,Carpenter et al. 2017 / Wang et al. 2022 (Sub-ppm onset),TRUE (MODELED DATA)
CP-068,0.12,3.38,0.406,29.8,71.6,12,Ag/Cu Dual-Zone,Stage 2: Trace Baseline Exposure (Violet-Purple),46.7,32.0,-8.9,15.69,NORMAL,SYNTHETIC / LITERATURE-INFORMED — NOT LAB CALIBRATED,SYNTHETIC_SIMULATION_V2,Empirical Two-Chromophore Ag/Cu Dual-Zone Displacer + Sensor Scatter Noise,Carpenter et al. 2017 / Wang et al. 2022 (Sub-ppm onset),TRUE (MODELED DATA)
CP-069,0.11,2.20,0.242,26.9,59.7,45,Ag/Cu Dual-Zone,Stage 2: Trace Baseline Exposure (Violet-Purple),45.0,29.9,-13.8,10.13,NORMAL,SYNTHETIC / LITERATURE-INFORMED — NOT LAB CALIBRATED,SYNTHETIC_SIMULATION_V2,Empirical Two-Chromophore Ag/Cu Dual-Zone Displacer + Sensor Scatter Noise,Carpenter et al. 2017 / Wang et al. 2022 (Sub-ppm onset),TRUE (MODELED DATA)
CP-070,0.14,2.59,0.363,36.3,41.3,28,Ag/Cu Dual-Zone,Stage 2: Trace Baseline Exposure (Violet-Purple),46.8,31.0,-11.7,13.07,NORMAL,SYNTHETIC / LITERATURE-INFORMED — NOT LAB CALIBRATED,SYNTHETIC_SIMULATION_V2,Empirical Two-Chromophore Ag/Cu Dual-Zone Displacer + Sensor Scatter Noise,Carpenter et al. 2017 / Wang et al. 2022 (Sub-ppm onset),TRUE (MODELED DATA)
CP-071,0.25,1.23,0.307,19.1,34.7,38,Ag/Cu Dual-Zone,Stage 2: Trace Baseline Exposure (Violet-Purple),45.2,29.5,-13.6,10.24,NORMAL,SYNTHETIC / LITERATURE-INFORMED — NOT LAB CALIBRATED,SYNTHETIC_SIMULATION_V2,Empirical Two-Chromophore Ag/Cu Dual-Zone Displacer + Sensor Scatter Noise,Carpenter et al. 2017 / Wang et al. 2022 (Sub-ppm onset),TRUE (MODELED DATA)
CP-072,0.30,1.13,0.339,29.3,54.0,24,Ag/Cu Dual-Zone,Stage 2: Trace Baseline Exposure (Violet-Purple),45.7,31.3,-11.7,12.70,NORMAL,SYNTHETIC / LITERATURE-INFORMED — NOT LAB CALIBRATED,SYNTHETIC_SIMULATION_V2,Empirical Two-Chromophore Ag/Cu Dual-Zone Displacer + Sensor Scatter Noise,Carpenter et al. 2017 / Wang et al. 2022 (Sub-ppm onset),TRUE (MODELED DATA)
CP-073,0.07,4.61,0.323,31.8,66.3,20,Ag/Cu Dual-Zone,Stage 2: Trace Baseline Exposure (Violet-Purple),45.7,32.2,-11.0,13.66,NORMAL,SYNTHETIC / LITERATURE-INFORMED — NOT LAB CALIBRATED,SYNTHETIC_SIMULATION_V2,Empirical Two-Chromophore Ag/Cu Dual-Zone Displacer + Sensor Scatter Noise,Carpenter et al. 2017 / Wang et al. 2022 (Sub-ppm onset),TRUE (MODELED DATA)
CP-074,0.21,0.72,0.151,32.6,71.5,29,Ag/Cu Dual-Zone,Stage 2: Trace Baseline Exposure (Violet-Purple),44.2,28.9,-16.4,7.31,NORMAL,SYNTHETIC / LITERATURE-INFORMED — NOT LAB CALIBRATED,SYNTHETIC_SIMULATION_V2,Empirical Two-Chromophore Ag/Cu Dual-Zone Displacer + Sensor Scatter Noise,Carpenter et al. 2017 / Wang et al. 2022 (Sub-ppm onset),TRUE (MODELED DATA)
CP-075,0.24,1.47,0.353,36.3,63.3,34,Ag/Cu Dual-Zone,Stage 2: Trace Baseline Exposure (Violet-Purple),46.8,31.6,-10.1,14.58,NORMAL,SYNTHETIC / LITERATURE-INFORMED — NOT LAB CALIBRATED,SYNTHETIC_SIMULATION_V2,Empirical Two-Chromophore Ag/Cu Dual-Zone Displacer + Sensor Scatter Noise,Carpenter et al. 2017 / Wang et al. 2022 (Sub-ppm onset),TRUE (MODELED DATA)
CP-076,0.12,2.44,0.293,32.3,46.6,30,Ag/Cu Dual-Zone,Stage 2: Trace Baseline Exposure (Violet-Purple),45.4,30.4,-13.3,10.91,NORMAL,SYNTHETIC / LITERATURE-INFORMED — NOT LAB CALIBRATED,SYNTHETIC_SIMULATION_V2,Empirical Two-Chromophore Ag/Cu Dual-Zone Displacer + Sensor Scatter Noise,Carpenter et al. 2017 / Wang et al. 2022 (Sub-ppm onset),TRUE (MODELED DATA)
CP-077,0.29,0.80,0.232,23.6,45.2,76,Ag/Cu Dual-Zone,Stage 2: Trace Baseline Exposure (Violet-Purple),44.5,29.6,-15.2,8.67,NORMAL,SYNTHETIC / LITERATURE-INFORMED — NOT LAB CALIBRATED,SYNTHETIC_SIMULATION_V2,Empirical Two-Chromophore Ag/Cu Dual-Zone Displacer + Sensor Scatter Noise,Carpenter et al. 2017 / Wang et al. 2022 (Sub-ppm onset),TRUE (MODELED DATA)
CP-078,0.05,0.56,0.028,24.9,38.2,39,Ag/Cu Dual-Zone,Stage 2: Trace Baseline Exposure (Violet-Purple),40.5,26.2,-20.7,1.32,NORMAL,SYNTHETIC / LITERATURE-INFORMED — NOT LAB CALIBRATED,SYNTHETIC_SIMULATION_V2,Empirical Two-Chromophore Ag/Cu Dual-Zone Displacer + Sensor Scatter Noise,Carpenter et al. 2017 / Wang et al. 2022 (Sub-ppm onset),TRUE (MODELED DATA)
CP-079,0.21,0.41,0.086,24.0,36.6,74,Ag/Cu Dual-Zone,Stage 2: Trace Baseline Exposure (Violet-Purple),42.2,26.6,-20.0,2.69,NORMAL,SYNTHETIC / LITERATURE-INFORMED — NOT LAB CALIBRATED,SYNTHETIC_SIMULATION_V2,Empirical Two-Chromophore Ag/Cu Dual-Zone Displacer + Sensor Scatter Noise,Carpenter et al. 2017 / Wang et al. 2022 (Sub-ppm onset),TRUE (MODELED DATA)
CP-080,0.18,0.96,0.173,22.2,57.9,57,Ag/Cu Dual-Zone,Stage 2: Trace Baseline Exposure (Violet-Purple),43.2,28.5,-16.0,7.04,NORMAL,SYNTHETIC / LITERATURE-INFORMED — NOT LAB CALIBRATED,SYNTHETIC_SIMULATION_V2,Empirical Two-Chromophore Ag/Cu Dual-Zone Displacer + Sensor Scatter Noise,Carpenter et al. 2017 / Wang et al. 2022 (Sub-ppm onset),TRUE (MODELED DATA)
CP-081,0.27,0.53,0.143,34.1,74.9,43,Ag/Cu Dual-Zone,Stage 2: Trace Baseline Exposure (Violet-Purple),43.9,28.8,-15.7,7.69,NORMAL,SYNTHETIC / LITERATURE-INFORMED — NOT LAB CALIBRATED,SYNTHETIC_SIMULATION_V2,Empirical Two-Chromophore Ag/Cu Dual-Zone Displacer + Sensor Scatter Noise,Carpenter et al. 2017 / Wang et al. 2022 (Sub-ppm onset),TRUE (MODELED DATA)
CP-082,0.16,1.70,0.272,38.8,73.2,1,Ag/Cu Dual-Zone,Stage 2: Trace Baseline Exposure (Violet-Purple),46.3,30.2,-11.7,12.54,NORMAL,SYNTHETIC / LITERATURE-INFORMED — NOT LAB CALIBRATED,SYNTHETIC_SIMULATION_V2,Empirical Two-Chromophore Ag/Cu Dual-Zone Displacer + Sensor Scatter Noise,Carpenter et al. 2017 / Wang et al. 2022 (Sub-ppm onset),TRUE (MODELED DATA)
CP-083,0.11,1.27,0.140,33.0,70.0,27,Ag/Cu Dual-Zone,Stage 2: Trace Baseline Exposure (Violet-Purple),43.2,29.4,-16.8,6.77,NORMAL,SYNTHETIC / LITERATURE-INFORMED — NOT LAB CALIBRATED,SYNTHETIC_SIMULATION_V2,Empirical Two-Chromophore Ag/Cu Dual-Zone Displacer + Sensor Scatter Noise,Carpenter et al. 2017 / Wang et al. 2022 (Sub-ppm onset),TRUE (MODELED DATA)
CP-084,0.12,0.36,0.043,33.1,72.0,21,Ag/Cu Dual-Zone,Stage 2: Trace Baseline Exposure (Violet-Purple),41.6,26.7,-19.8,2.56,NORMAL,SYNTHETIC / LITERATURE-INFORMED — NOT LAB CALIBRATED,SYNTHETIC_SIMULATION_V2,Empirical Two-Chromophore Ag/Cu Dual-Zone Displacer + Sensor Scatter Noise,Carpenter et al. 2017 / Wang et al. 2022 (Sub-ppm onset),TRUE (MODELED DATA)
CP-085,0.23,1.44,0.331,38.2,37.7,16,Ag/Cu Dual-Zone,Stage 2: Trace Baseline Exposure (Violet-Purple),46.3,30.6,-12.3,12.20,NORMAL,SYNTHETIC / LITERATURE-INFORMED — NOT LAB CALIBRATED,SYNTHETIC_SIMULATION_V2,Empirical Two-Chromophore Ag/Cu Dual-Zone Displacer + Sensor Scatter Noise,Carpenter et al. 2017 / Wang et al. 2022 (Sub-ppm onset),TRUE (MODELED DATA)
CP-086,0.62,2.14,1.327,29.6,55.6,60,Ag/Cu Dual-Zone,Stage 3: Intermediate Action Level (Reddish-Pink / 'New York Pink'),56.2,37.6,13.9,40.86,MONITOR,SYNTHETIC / LITERATURE-INFORMED — NOT LAB CALIBRATED,SYNTHETIC_SIMULATION_V2,Empirical Two-Chromophore Ag/Cu Dual-Zone Displacer + Sensor Scatter Noise,Thongboon et al. 2023 ('New York pink' / Reddish-Pink intermediate),TRUE (MODELED DATA)
CP-087,0.70,1.05,0.735,29.8,39.4,70,Ag/Cu Dual-Zone,Stage 3: Intermediate Action Level (Reddish-Pink / 'New York Pink'),50.5,36.7,-1.9,24.87,MONITOR,SYNTHETIC / LITERATURE-INFORMED — NOT LAB CALIBRATED,SYNTHETIC_SIMULATION_V2,Empirical Two-Chromophore Ag/Cu Dual-Zone Displacer + Sensor Scatter Noise,Thongboon et al. 2023 ('New York pink' / Reddish-Pink intermediate),TRUE (MODELED DATA)
CP-088,0.27,4.80,1.296,21.5,75.5,21,Ag/Cu Dual-Zone,Stage 3: Intermediate Action Level (Reddish-Pink / 'New York Pink'),56.5,38.9,15.4,42.68,MONITOR,SYNTHETIC / LITERATURE-INFORMED — NOT LAB CALIBRATED,SYNTHETIC_SIMULATION_V2,Empirical Two-Chromophore Ag/Cu Dual-Zone Displacer + Sensor Scatter Noise,Thongboon et al. 2023 ('New York pink' / Reddish-Pink intermediate),TRUE (MODELED DATA)
CP-089,1.59,0.70,1.113,27.5,36.0,44,Ag/Cu Dual-Zone,Stage 3: Intermediate Action Level (Reddish-Pink / 'New York Pink'),54.3,40.1,8.8,36.58,MONITOR,SYNTHETIC / LITERATURE-INFORMED — NOT LAB CALIBRATED,SYNTHETIC_SIMULATION_V2,Empirical Two-Chromophore Ag/Cu Dual-Zone Displacer + Sensor Scatter Noise,Thongboon et al. 2023 ('New York pink' / Reddish-Pink intermediate),TRUE (MODELED DATA)
CP-090,0.32,1.42,0.454,35.9,53.7,14,Ag/Cu Dual-Zone,Stage 3: Intermediate Action Level (Reddish-Pink / 'New York Pink'),47.3,32.5,-8.4,16.54,MONITOR,SYNTHETIC / LITERATURE-INFORMED — NOT LAB CALIBRATED,SYNTHETIC_SIMULATION_V2,Empirical Two-Chromophore Ag/Cu Dual-Zone Displacer + Sensor Scatter Noise,Thongboon et al. 2023 ('New York pink' / Reddish-Pink intermediate),TRUE (MODELED DATA)
CP-091,0.77,1.30,1.001,25.8,34.8,47,Ag/Cu Dual-Zone,Stage 3: Intermediate Action Level (Reddish-Pink / 'New York Pink'),52.0,39.2,4.0,31.34,MONITOR,SYNTHETIC / LITERATURE-INFORMED — NOT LAB CALIBRATED,SYNTHETIC_SIMULATION_V2,Empirical Two-Chromophore Ag/Cu Dual-Zone Displacer + Sensor Scatter Noise,Thongboon et al. 2023 ('New York pink' / Reddish-Pink intermediate),TRUE (MODELED DATA)
CP-092,1.05,0.91,0.956,19.9,75.5,81,Ag/Cu Dual-Zone,Stage 3: Intermediate Action Level (Reddish-Pink / 'New York Pink'),53.1,40.9,5.6,33.80,MONITOR,SYNTHETIC / LITERATURE-INFORMED — NOT LAB CALIBRATED,SYNTHETIC_SIMULATION_V2,Empirical Two-Chromophore Ag/Cu Dual-Zone Displacer + Sensor Scatter Noise,Thongboon et al. 2023 ('New York pink' / Reddish-Pink intermediate),TRUE (MODELED DATA)
CP-093,0.33,2.60,0.858,25.2,80.1,34,Ag/Cu Dual-Zone,Stage 3: Intermediate Action Level (Reddish-Pink / 'New York Pink'),52.9,39.9,5.3,33.05,MONITOR,SYNTHETIC / LITERATURE-INFORMED — NOT LAB CALIBRATED,SYNTHETIC_SIMULATION_V2,Empirical Two-Chromophore Ag/Cu Dual-Zone Displacer + Sensor Scatter Noise,Thongboon et al. 2023 ('New York pink' / Reddish-Pink intermediate),TRUE (MODELED DATA)
CP-094,1.38,0.77,1.063,37.9,51.8,3,Ag/Cu Dual-Zone,Stage 3: Intermediate Action Level (Reddish-Pink / 'New York Pink'),54.9,39.5,10.2,37.77,MONITOR,SYNTHETIC / LITERATURE-INFORMED — NOT LAB CALIBRATED,SYNTHETIC_SIMULATION_V2,Empirical Two-Chromophore Ag/Cu Dual-Zone Displacer + Sensor Scatter Noise,Thongboon et al. 2023 ('New York pink' / Reddish-Pink intermediate),TRUE (MODELED DATA)
CP-095,1.36,1.00,1.360,39.7,46.3,31,Ag/Cu Dual-Zone,Stage 3: Intermediate Action Level (Reddish-Pink / 'New York Pink'),57.1,38.8,17.0,44.28,MONITOR,SYNTHETIC / LITERATURE-INFORMED — NOT LAB CALIBRATED,SYNTHETIC_SIMULATION_V2,Empirical Two-Chromophore Ag/Cu Dual-Zone Displacer + Sensor Scatter Noise,Thongboon et al. 2023 ('New York pink' / Reddish-Pink intermediate),TRUE (MODELED DATA)
CP-096,0.27,4.65,1.256,30.9,80.6,69,Ag/Cu Dual-Zone,Stage 3: Intermediate Action Level (Reddish-Pink / 'New York Pink'),57.6,38.3,17.7,44.94,MONITOR,SYNTHETIC / LITERATURE-INFORMED — NOT LAB CALIBRATED,SYNTHETIC_SIMULATION_V2,Empirical Two-Chromophore Ag/Cu Dual-Zone Displacer + Sensor Scatter Noise,Thongboon et al. 2023 ('New York pink' / Reddish-Pink intermediate),TRUE (MODELED DATA)
CP-097,0.17,3.45,0.587,34.2,51.9,73,Ag/Cu Dual-Zone,Stage 3: Intermediate Action Level (Reddish-Pink / 'New York Pink'),48.8,35.4,-4.9,21.21,MONITOR,SYNTHETIC / LITERATURE-INFORMED — NOT LAB CALIBRATED,SYNTHETIC_SIMULATION_V2,Empirical Two-Chromophore Ag/Cu Dual-Zone Displacer + Sensor Scatter Noise,Thongboon et al. 2023 ('New York pink' / Reddish-Pink intermediate),TRUE (MODELED DATA)
CP-098,1.22,1.14,1.391,37.7,79.0,15,Ag/Cu Dual-Zone,Stage 3: Intermediate Action Level (Reddish-Pink / 'New York Pink'),58.0,37.1,20.0,46.83,MONITOR,SYNTHETIC / LITERATURE-INFORMED — NOT LAB CALIBRATED,SYNTHETIC_SIMULATION_V2,Empirical Two-Chromophore Ag/Cu Dual-Zone Displacer + Sensor Scatter Noise,Thongboon et al. 2023 ('New York pink' / Reddish-Pink intermediate),TRUE (MODELED DATA)
CP-099,0.40,2.78,1.112,41.9,37.8,32,Ag/Cu Dual-Zone,Stage 3: Intermediate Action Level (Reddish-Pink / 'New York Pink'),55.5,40.1,9.6,37.71,MONITOR,SYNTHETIC / LITERATURE-INFORMED — NOT LAB CALIBRATED,SYNTHETIC_SIMULATION_V2,Empirical Two-Chromophore Ag/Cu Dual-Zone Displacer + Sensor Scatter Noise,Thongboon et al. 2023 ('New York pink' / Reddish-Pink intermediate),TRUE (MODELED DATA)
CP-100,1.21,0.83,1.004,18.8,50.5,58,Ag/Cu Dual-Zone,Stage 3: Intermediate Action Level (Reddish-Pink / 'New York Pink'),53.3,39.3,5.6,33.20,MONITOR,SYNTHETIC / LITERATURE-INFORMED — NOT LAB CALIBRATED,SYNTHETIC_SIMULATION_V2,Empirical Two-Chromophore Ag/Cu Dual-Zone Displacer + Sensor Scatter Noise,Thongboon et al. 2023 ('New York pink' / Reddish-Pink intermediate),TRUE (MODELED DATA)
CP-101,1.14,0.62,0.707,40.8,73.2,13,Ag/Cu Dual-Zone,Stage 3: Intermediate Action Level (Reddish-Pink / 'New York Pink'),52.2,38.6,3.1,30.42,MONITOR,SYNTHETIC / LITERATURE-INFORMED — NOT LAB CALIBRATED,SYNTHETIC_SIMULATION_V2,Empirical Two-Chromophore Ag/Cu Dual-Zone Displacer + Sensor Scatter Noise,Thongboon et al. 2023 ('New York pink' / Reddish-Pink intermediate),TRUE (MODELED DATA)
CP-102,1.12,0.59,0.661,19.6,70.3,28,Ag/Cu Dual-Zone,Stage 3: Intermediate Action Level (Reddish-Pink / 'New York Pink'),50.4,36.1,-2.9,23.77,MONITOR,SYNTHETIC / LITERATURE-INFORMED — NOT LAB CALIBRATED,SYNTHETIC_SIMULATION_V2,Empirical Two-Chromophore Ag/Cu Dual-Zone Displacer + Sensor Scatter Noise,Thongboon et al. 2023 ('New York pink' / Reddish-Pink intermediate),TRUE (MODELED DATA)
CP-103,1.00,1.10,1.100,28.1,37.7,10,Ag/Cu Dual-Zone,Stage 3: Intermediate Action Level (Reddish-Pink / 'New York Pink'),52.7,39.9,8.1,35.33,MONITOR,SYNTHETIC / LITERATURE-INFORMED — NOT LAB CALIBRATED,SYNTHETIC_SIMULATION_V2,Empirical Two-Chromophore Ag/Cu Dual-Zone Displacer + Sensor Scatter Noise,Thongboon et al. 2023 ('New York pink' / Reddish-Pink intermediate),TRUE (MODELED DATA)
CP-104,1.21,0.67,0.811,38.8,58.1,60,Ag/Cu Dual-Zone,Stage 3: Intermediate Action Level (Reddish-Pink / 'New York Pink'),53.0,40.3,4.6,32.68,MONITOR,SYNTHETIC / LITERATURE-INFORMED — NOT LAB CALIBRATED,SYNTHETIC_SIMULATION_V2,Empirical Two-Chromophore Ag/Cu Dual-Zone Displacer + Sensor Scatter Noise,Thongboon et al. 2023 ('New York pink' / Reddish-Pink intermediate),TRUE (MODELED DATA)
CP-105,1.15,0.86,0.989,28.2,37.4,58,Ag/Cu Dual-Zone,Stage 3: Intermediate Action Level (Reddish-Pink / 'New York Pink'),52.7,40.1,4.0,31.99,MONITOR,SYNTHETIC / LITERATURE-INFORMED — NOT LAB CALIBRATED,SYNTHETIC_SIMULATION_V2,Empirical Two-Chromophore Ag/Cu Dual-Zone Displacer + Sensor Scatter Noise,Thongboon et al. 2023 ('New York pink' / Reddish-Pink intermediate),TRUE (MODELED DATA)
CP-106,0.67,2.22,1.487,41.9,58.5,60,Ag/Cu Dual-Zone,Stage 3: Intermediate Action Level (Reddish-Pink / 'New York Pink'),58.4,37.0,21.4,48.22,MONITOR,SYNTHETIC / LITERATURE-INFORMED — NOT LAB CALIBRATED,SYNTHETIC_SIMULATION_V2,Empirical Two-Chromophore Ag/Cu Dual-Zone Displacer + Sensor Scatter Noise,Thongboon et al. 2023 ('New York pink' / Reddish-Pink intermediate),TRUE (MODELED DATA)
CP-107,0.31,4.56,1.414,34.5,55.7,13,Ag/Cu Dual-Zone,Stage 3: Intermediate Action Level (Reddish-Pink / 'New York Pink'),57.9,37.3,17.3,44.44,MONITOR,SYNTHETIC / LITERATURE-INFORMED — NOT LAB CALIBRATED,SYNTHETIC_SIMULATION_V2,Empirical Two-Chromophore Ag/Cu Dual-Zone Displacer + Sensor Scatter Noise,Thongboon et al. 2023 ('New York pink' / Reddish-Pink intermediate),TRUE (MODELED DATA)
CP-108,0.23,2.08,0.478,25.9,38.1,47,Ag/Cu Dual-Zone,Stage 3: Intermediate Action Level (Reddish-Pink / 'New York Pink'),47.7,32.4,-8.3,16.75,MONITOR,SYNTHETIC / LITERATURE-INFORMED — NOT LAB CALIBRATED,SYNTHETIC_SIMULATION_V2,Empirical Two-Chromophore Ag/Cu Dual-Zone Displacer + Sensor Scatter Noise,Thongboon et al. 2023 ('New York pink' / Reddish-Pink intermediate),TRUE (MODELED DATA)
CP-109,0.52,1.10,0.572,30.2,39.7,63,Ag/Cu Dual-Zone,Stage 3: Intermediate Action Level (Reddish-Pink / 'New York Pink'),48.7,33.1,-7.1,18.43,MONITOR,SYNTHETIC / LITERATURE-INFORMED — NOT LAB CALIBRATED,SYNTHETIC_SIMULATION_V2,Empirical Two-Chromophore Ag/Cu Dual-Zone Displacer + Sensor Scatter Noise,Thongboon et al. 2023 ('New York pink' / Reddish-Pink intermediate),TRUE (MODELED DATA)
CP-110,0.19,5.61,1.066,37.4,74.3,81,Ag/Cu Dual-Zone,Stage 3: Intermediate Action Level (Reddish-Pink / 'New York Pink'),55.4,39.5,12.7,40.10,MONITOR,SYNTHETIC / LITERATURE-INFORMED — NOT LAB CALIBRATED,SYNTHETIC_SIMULATION_V2,Empirical Two-Chromophore Ag/Cu Dual-Zone Displacer + Sensor Scatter Noise,Thongboon et al. 2023 ('New York pink' / Reddish-Pink intermediate),TRUE (MODELED DATA)
CP-111,0.45,1.29,0.581,22.3,67.1,41,Ag/Cu Dual-Zone,Stage 3: Intermediate Action Level (Reddish-Pink / 'New York Pink'),48.9,34.4,-5.8,20.09,MONITOR,SYNTHETIC / LITERATURE-INFORMED — NOT LAB CALIBRATED,SYNTHETIC_SIMULATION_V2,Empirical Two-Chromophore Ag/Cu Dual-Zone Displacer + Sensor Scatter Noise,Thongboon et al. 2023 ('New York pink' / Reddish-Pink intermediate),TRUE (MODELED DATA)
CP-112,1.25,0.75,0.938,20.2,58.5,50,Ag/Cu Dual-Zone,Stage 3: Intermediate Action Level (Reddish-Pink / 'New York Pink'),51.3,38.9,4.3,31.22,MONITOR,SYNTHETIC / LITERATURE-INFORMED — NOT LAB CALIBRATED,SYNTHETIC_SIMULATION_V2,Empirical Two-Chromophore Ag/Cu Dual-Zone Displacer + Sensor Scatter Noise,Thongboon et al. 2023 ('New York pink' / Reddish-Pink intermediate),TRUE (MODELED DATA)
CP-113,0.63,1.16,0.731,18.2,47.1,29,Ag/Cu Dual-Zone,Stage 3: Intermediate Action Level (Reddish-Pink / 'New York Pink'),49.3,35.7,-3.3,22.83,MONITOR,SYNTHETIC / LITERATURE-INFORMED — NOT LAB CALIBRATED,SYNTHETIC_SIMULATION_V2,Empirical Two-Chromophore Ag/Cu Dual-Zone Displacer + Sensor Scatter Noise,Thongboon et al. 2023 ('New York pink' / Reddish-Pink intermediate),TRUE (MODELED DATA)
CP-114,0.27,5.24,1.415,23.5,59.9,47,Ag/Cu Dual-Zone,Stage 3: Intermediate Action Level (Reddish-Pink / 'New York Pink'),57.3,38.7,15.6,43.10,MONITOR,SYNTHETIC / LITERATURE-INFORMED — NOT LAB CALIBRATED,SYNTHETIC_SIMULATION_V2,Empirical Two-Chromophore Ag/Cu Dual-Zone Displacer + Sensor Scatter Noise,Thongboon et al. 2023 ('New York pink' / Reddish-Pink intermediate),TRUE (MODELED DATA)
CP-115,0.32,2.90,0.928,40.1,75.1,75,Ag/Cu Dual-Zone,Stage 3: Intermediate Action Level (Reddish-Pink / 'New York Pink'),54.5,40.0,10.1,37.71,MONITOR,SYNTHETIC / LITERATURE-INFORMED — NOT LAB CALIBRATED,SYNTHETIC_SIMULATION_V2,Empirical Two-Chromophore Ag/Cu Dual-Zone Displacer + Sensor Scatter Noise,Thongboon et al. 2023 ('New York pink' / Reddish-Pink intermediate),TRUE (MODELED DATA)
CP-116,0.99,1.13,1.119,23.3,71.0,11,Ag/Cu Dual-Zone,Stage 3: Intermediate Action Level (Reddish-Pink / 'New York Pink'),54.5,38.9,10.6,37.75,MONITOR,SYNTHETIC / LITERATURE-INFORMED — NOT LAB CALIBRATED,SYNTHETIC_SIMULATION_V2,Empirical Two-Chromophore Ag/Cu Dual-Zone Displacer + Sensor Scatter Noise,Thongboon et al. 2023 ('New York pink' / Reddish-Pink intermediate),TRUE (MODELED DATA)
CP-117,0.39,1.58,0.616,26.4,68.4,84,Ag/Cu Dual-Zone,Stage 3: Intermediate Action Level (Reddish-Pink / 'New York Pink'),49.3,35.6,-3.6,22.54,MONITOR,SYNTHETIC / LITERATURE-INFORMED — NOT LAB CALIBRATED,SYNTHETIC_SIMULATION_V2,Empirical Two-Chromophore Ag/Cu Dual-Zone Displacer + Sensor Scatter Noise,Thongboon et al. 2023 ('New York pink' / Reddish-Pink intermediate),TRUE (MODELED DATA)
CP-118,0.60,0.81,0.486,36.5,56.7,74,Ag/Cu Dual-Zone,Stage 3: Intermediate Action Level (Reddish-Pink / 'New York Pink'),48.1,32.9,-7.5,17.77,MONITOR,SYNTHETIC / LITERATURE-INFORMED — NOT LAB CALIBRATED,SYNTHETIC_SIMULATION_V2,Empirical Two-Chromophore Ag/Cu Dual-Zone Displacer + Sensor Scatter Noise,Thongboon et al. 2023 ('New York pink' / Reddish-Pink intermediate),TRUE (MODELED DATA)
CP-119,0.28,5.25,1.470,28.8,34.8,38,Ag/Cu Dual-Zone,Stage 3: Intermediate Action Level (Reddish-Pink / 'New York Pink'),56.9,38.5,14.0,41.49,MONITOR,SYNTHETIC / LITERATURE-INFORMED — NOT LAB CALIBRATED,SYNTHETIC_SIMULATION_V2,Empirical Two-Chromophore Ag/Cu Dual-Zone Displacer + Sensor Scatter Noise,Thongboon et al. 2023 ('New York pink' / Reddish-Pink intermediate),TRUE (MODELED DATA)
CP-120,0.93,1.33,1.237,31.3,71.6,7,Ag/Cu Dual-Zone,Stage 3: Intermediate Action Level (Reddish-Pink / 'New York Pink'),56.8,38.8,15.6,42.93,MONITOR,SYNTHETIC / LITERATURE-INFORMED — NOT LAB CALIBRATED,SYNTHETIC_SIMULATION_V2,Empirical Two-Chromophore Ag/Cu Dual-Zone Displacer + Sensor Scatter Noise,Thongboon et al. 2023 ('New York pink' / Reddish-Pink intermediate),TRUE (MODELED DATA)
CP-121,0.98,1.45,1.421,39.6,49.2,12,Ag/Cu Dual-Zone,Stage 3: Intermediate Action Level (Reddish-Pink / 'New York Pink'),57.9,38.1,17.8,45.09,MONITOR,SYNTHETIC / LITERATURE-INFORMED — NOT LAB CALIBRATED,SYNTHETIC_SIMULATION_V2,Empirical Two-Chromophore Ag/Cu Dual-Zone Displacer + Sensor Scatter Noise,Thongboon et al. 2023 ('New York pink' / Reddish-Pink intermediate),TRUE (MODELED DATA)
CP-122,1.27,0.79,1.003,21.8,50.6,38,Ag/Cu Dual-Zone,Stage 3: Intermediate Action Level (Reddish-Pink / 'New York Pink'),53.2,39.4,4.6,32.38,MONITOR,SYNTHETIC / LITERATURE-INFORMED — NOT LAB CALIBRATED,SYNTHETIC_SIMULATION_V2,Empirical Two-Chromophore Ag/Cu Dual-Zone Displacer + Sensor Scatter Noise,Thongboon et al. 2023 ('New York pink' / Reddish-Pink intermediate),TRUE (MODELED DATA)
CP-123,1.11,1.28,1.421,25.9,59.9,51,Ag/Cu Dual-Zone,Stage 3: Intermediate Action Level (Reddish-Pink / 'New York Pink'),56.5,39.2,16.2,43.47,MONITOR,SYNTHETIC / LITERATURE-INFORMED — NOT LAB CALIBRATED,SYNTHETIC_SIMULATION_V2,Empirical Two-Chromophore Ag/Cu Dual-Zone Displacer + Sensor Scatter Noise,Thongboon et al. 2023 ('New York pink' / Reddish-Pink intermediate),TRUE (MODELED DATA)
CP-124,0.69,1.20,0.828,32.3,78.9,41,Ag/Cu Dual-Zone,Stage 3: Intermediate Action Level (Reddish-Pink / 'New York Pink'),52.9,39.5,4.8,32.47,MONITOR,SYNTHETIC / LITERATURE-INFORMED — NOT LAB CALIBRATED,SYNTHETIC_SIMULATION_V2,Empirical Two-Chromophore Ag/Cu Dual-Zone Displacer + Sensor Scatter Noise,Thongboon et al. 2023 ('New York pink' / Reddish-Pink intermediate),TRUE (MODELED DATA)
CP-125,0.45,1.68,0.756,41.9,77.6,13,Ag/Cu Dual-Zone,Stage 3: Intermediate Action Level (Reddish-Pink / 'New York Pink'),53.2,39.3,4.2,32.01,MONITOR,SYNTHETIC / LITERATURE-INFORMED — NOT LAB CALIBRATED,SYNTHETIC_SIMULATION_V2,Empirical Two-Chromophore Ag/Cu Dual-Zone Displacer + Sensor Scatter Noise,Thongboon et al. 2023 ('New York pink' / Reddish-Pink intermediate),TRUE (MODELED DATA)
CP-126,0.40,1.49,0.596,19.9,74.2,14,Ag/Cu Dual-Zone,Stage 3: Intermediate Action Level (Reddish-Pink / 'New York Pink'),49.5,34.7,-5.7,20.55,MONITOR,SYNTHETIC / LITERATURE-INFORMED — NOT LAB CALIBRATED,SYNTHETIC_SIMULATION_V2,Empirical Two-Chromophore Ag/Cu Dual-Zone Displacer + Sensor Scatter Noise,Thongboon et al. 2023 ('New York pink' / Reddish-Pink intermediate),TRUE (MODELED DATA)
CP-127,0.38,1.88,0.714,39.7,68.1,7,Ag/Cu Dual-Zone,Stage 3: Intermediate Action Level (Reddish-Pink / 'New York Pink'),51.6,38.4,2.6,29.70,MONITOR,SYNTHETIC / LITERATURE-INFORMED — NOT LAB CALIBRATED,SYNTHETIC_SIMULATION_V2,Empirical Two-Chromophore Ag/Cu Dual-Zone Displacer + Sensor Scatter Noise,Thongboon et al. 2023 ('New York pink' / Reddish-Pink intermediate),TRUE (MODELED DATA)
CP-128,0.28,1.73,0.484,38.3,74.6,38,Ag/Cu Dual-Zone,Stage 3: Intermediate Action Level (Reddish-Pink / 'New York Pink'),48.9,34.2,-5.7,20.09,MONITOR,SYNTHETIC / LITERATURE-INFORMED — NOT LAB CALIBRATED,SYNTHETIC_SIMULATION_V2,Empirical Two-Chromophore Ag/Cu Dual-Zone Displacer + Sensor Scatter Noise,Thongboon et al. 2023 ('New York pink' / Reddish-Pink intermediate),TRUE (MODELED DATA)
CP-129,0.38,2.08,0.790,35.2,48.8,20,Ag/Cu Dual-Zone,Stage 3: Intermediate Action Level (Reddish-Pink / 'New York Pink'),52.2,38.2,2.6,29.85,MONITOR,SYNTHETIC / LITERATURE-INFORMED — NOT LAB CALIBRATED,SYNTHETIC_SIMULATION_V2,Empirical Two-Chromophore Ag/Cu Dual-Zone Displacer + Sensor Scatter Noise,Thongboon et al. 2023 ('New York pink' / Reddish-Pink intermediate),TRUE (MODELED DATA)
CP-130,0.35,1.81,0.633,28.8,32.3,12,Ag/Cu Dual-Zone,Stage 3: Intermediate Action Level (Reddish-Pink / 'New York Pink'),49.4,33.8,-6.8,19.26,MONITOR,SYNTHETIC / LITERATURE-INFORMED — NOT LAB CALIBRATED,SYNTHETIC_SIMULATION_V2,Empirical Two-Chromophore Ag/Cu Dual-Zone Displacer + Sensor Scatter Noise,Thongboon et al. 2023 ('New York pink' / Reddish-Pink intermediate),TRUE (MODELED DATA)
CP-131,1.13,0.59,0.667,19.5,73.8,65,Ag/Cu Dual-Zone,Stage 3: Intermediate Action Level (Reddish-Pink / 'New York Pink'),49.8,36.4,-2.3,24.14,MONITOR,SYNTHETIC / LITERATURE-INFORMED — NOT LAB CALIBRATED,SYNTHETIC_SIMULATION_V2,Empirical Two-Chromophore Ag/Cu Dual-Zone Displacer + Sensor Scatter Noise,Thongboon et al. 2023 ('New York pink' / Reddish-Pink intermediate),TRUE (MODELED DATA)
CP-132,0.18,5.30,0.954,32.8,44.0,55,Ag/Cu Dual-Zone,Stage 3: Intermediate Action Level (Reddish-Pink / 'New York Pink'),53.6,40.1,5.7,33.73,MONITOR,SYNTHETIC / LITERATURE-INFORMED — NOT LAB CALIBRATED,SYNTHETIC_SIMULATION_V2,Empirical Two-Chromophore Ag/Cu Dual-Zone Displacer + Sensor Scatter Noise,Thongboon et al. 2023 ('New York pink' / Reddish-Pink intermediate),TRUE (MODELED DATA)
CP-133,0.70,0.74,0.518,27.0,69.4,47,Ag/Cu Dual-Zone,Stage 3: Intermediate Action Level (Reddish-Pink / 'New York Pink'),47.8,33.5,-6.4,18.79,MONITOR,SYNTHETIC / LITERATURE-INFORMED — NOT LAB CALIBRATED,SYNTHETIC_SIMULATION_V2,Empirical Two-Chromophore Ag/Cu Dual-Zone Displacer + Sensor Scatter Noise,Thongboon et al. 2023 ('New York pink' / Reddish-Pink intermediate),TRUE (MODELED DATA)
CP-134,0.45,1.24,0.558,29.2,66.8,82,Ag/Cu Dual-Zone,Stage 3: Intermediate Action Level (Reddish-Pink / 'New York Pink'),49.9,34.7,-6.4,20.18,MONITOR,SYNTHETIC / LITERATURE-INFORMED — NOT LAB CALIBRATED,SYNTHETIC_SIMULATION_V2,Empirical Two-Chromophore Ag/Cu Dual-Zone Displacer + Sensor Scatter Noise,Thongboon et al. 2023 ('New York pink' / Reddish-Pink intermediate),TRUE (MODELED DATA)
CP-135,0.21,4.06,0.853,18.9,42.1,27,Ag/Cu Dual-Zone,Stage 3: Intermediate Action Level (Reddish-Pink / 'New York Pink'),50.7,38.3,0.0,27.19,MONITOR,SYNTHETIC / LITERATURE-INFORMED — NOT LAB CALIBRATED,SYNTHETIC_SIMULATION_V2,Empirical Two-Chromophore Ag/Cu Dual-Zone Displacer + Sensor Scatter Noise,Thongboon et al. 2023 ('New York pink' / Reddish-Pink intermediate),TRUE (MODELED DATA)
CP-136,1.35,0.93,1.256,24.6,72.0,57,Ag/Cu Dual-Zone,Stage 3: Intermediate Action Level (Reddish-Pink / 'New York Pink'),56.6,38.5,13.6,41.02,MONITOR,SYNTHETIC / LITERATURE-INFORMED — NOT LAB CALIBRATED,SYNTHETIC_SIMULATION_V2,Empirical Two-Chromophore Ag/Cu Dual-Zone Displacer + Sensor Scatter Noise,Thongboon et al. 2023 ('New York pink' / Reddish-Pink intermediate),TRUE (MODELED DATA)
CP-137,0.69,2.13,1.470,31.1,48.1,12,Ag/Cu Dual-Zone,Stage 3: Intermediate Action Level (Reddish-Pink / 'New York Pink'),56.8,38.3,17.4,44.38,MONITOR,SYNTHETIC / LITERATURE-INFORMED — NOT LAB CALIBRATED,SYNTHETIC_SIMULATION_V2,Empirical Two-Chromophore Ag/Cu Dual-Zone Displacer + Sensor Scatter Noise,Thongboon et al. 2023 ('New York pink' / Reddish-Pink intermediate),TRUE (MODELED DATA)
CP-138,0.24,4.19,1.006,28.7,68.3,47,Ag/Cu Dual-Zone,Stage 3: Intermediate Action Level (Reddish-Pink / 'New York Pink'),54.9,39.5,9.3,37.00,MONITOR,SYNTHETIC / LITERATURE-INFORMED — NOT LAB CALIBRATED,SYNTHETIC_SIMULATION_V2,Empirical Two-Chromophore Ag/Cu Dual-Zone Displacer + Sensor Scatter Noise,Thongboon et al. 2023 ('New York pink' / Reddish-Pink intermediate),TRUE (MODELED DATA)
CP-139,0.39,3.84,1.498,36.0,40.0,5,Ag/Cu Dual-Zone,Stage 3: Intermediate Action Level (Reddish-Pink / 'New York Pink'),57.7,37.8,18.6,45.64,MONITOR,SYNTHETIC / LITERATURE-INFORMED — NOT LAB CALIBRATED,SYNTHETIC_SIMULATION_V2,Empirical Two-Chromophore Ag/Cu Dual-Zone Displacer + Sensor Scatter Noise,Thongboon et al. 2023 ('New York pink' / Reddish-Pink intermediate),TRUE (MODELED DATA)
CP-140,0.88,0.92,0.810,26.8,51.1,74,Ag/Cu Dual-Zone,Stage 3: Intermediate Action Level (Reddish-Pink / 'New York Pink'),51.8,38.6,1.4,28.88,MONITOR,SYNTHETIC / LITERATURE-INFORMED — NOT LAB CALIBRATED,SYNTHETIC_SIMULATION_V2,Empirical Two-Chromophore Ag/Cu Dual-Zone Displacer + Sensor Scatter Noise,Thongboon et al. 2023 ('New York pink' / Reddish-Pink intermediate),TRUE (MODELED DATA)
CP-141,0.64,1.37,0.877,25.5,45.9,16,Ag/Cu Dual-Zone,Stage 3: Intermediate Action Level (Reddish-Pink / 'New York Pink'),51.7,38.1,2.2,29.28,MONITOR,SYNTHETIC / LITERATURE-INFORMED — NOT LAB CALIBRATED,SYNTHETIC_SIMULATION_V2,Empirical Two-Chromophore Ag/Cu Dual-Zone Displacer + Sensor Scatter Noise,Thongboon et al. 2023 ('New York pink' / Reddish-Pink intermediate),TRUE (MODELED DATA)
CP-142,0.26,2.69,0.699,23.4,81.3,19,Ag/Cu Dual-Zone,Stage 3: Intermediate Action Level (Reddish-Pink / 'New York Pink'),51.5,37.8,-0.6,26.80,MONITOR,SYNTHETIC / LITERATURE-INFORMED — NOT LAB CALIBRATED,SYNTHETIC_SIMULATION_V2,Empirical Two-Chromophore Ag/Cu Dual-Zone Displacer + Sensor Scatter Noise,Thongboon et al. 2023 ('New York pink' / Reddish-Pink intermediate),TRUE (MODELED DATA)
CP-143,1.65,0.80,1.320,27.9,52.5,75,Ag/Cu Dual-Zone,Stage 3: Intermediate Action Level (Reddish-Pink / 'New York Pink'),56.5,39.3,14.2,41.75,MONITOR,SYNTHETIC / LITERATURE-INFORMED — NOT LAB CALIBRATED,SYNTHETIC_SIMULATION_V2,Empirical Two-Chromophore Ag/Cu Dual-Zone Displacer + Sensor Scatter Noise,Thongboon et al. 2023 ('New York pink' / Reddish-Pink intermediate),TRUE (MODELED DATA)
CP-144,1.06,1.19,1.261,35.0,49.3,68,Ag/Cu Dual-Zone,Stage 3: Intermediate Action Level (Reddish-Pink / 'New York Pink'),56.7,38.9,14.7,42.14,MONITOR,SYNTHETIC / LITERATURE-INFORMED — NOT LAB CALIBRATED,SYNTHETIC_SIMULATION_V2,Empirical Two-Chromophore Ag/Cu Dual-Zone Displacer + Sensor Scatter Noise,Thongboon et al. 2023 ('New York pink' / Reddish-Pink intermediate),TRUE (MODELED DATA)
CP-145,1.51,0.66,0.997,30.1,40.4,76,Ag/Cu Dual-Zone,Stage 3: Intermediate Action Level (Reddish-Pink / 'New York Pink'),53.8,39.9,4.8,32.99,MONITOR,SYNTHETIC / LITERATURE-INFORMED — NOT LAB CALIBRATED,SYNTHETIC_SIMULATION_V2,Empirical Two-Chromophore Ag/Cu Dual-Zone Displacer + Sensor Scatter Noise,Thongboon et al. 2023 ('New York pink' / Reddish-Pink intermediate),TRUE (MODELED DATA)
CP-146,0.20,5.39,1.078,36.4,52.8,83,Ag/Cu Dual-Zone,Stage 3: Intermediate Action Level (Reddish-Pink / 'New York Pink'),54.8,39.3,10.5,37.92,MONITOR,SYNTHETIC / LITERATURE-INFORMED — NOT LAB CALIBRATED,SYNTHETIC_SIMULATION_V2,Empirical Two-Chromophore Ag/Cu Dual-Zone Displacer + Sensor Scatter Noise,Thongboon et al. 2023 ('New York pink' / Reddish-Pink intermediate),TRUE (MODELED DATA)
CP-147,0.64,0.90,0.576,25.3,44.2,53,Ag/Cu Dual-Zone,Stage 3: Intermediate Action Level (Reddish-Pink / 'New York Pink'),48.8,33.4,-7.9,17.96,MONITOR,SYNTHETIC / LITERATURE-INFORMED — NOT LAB CALIBRATED,SYNTHETIC_SIMULATION_V2,Empirical Two-Chromophore Ag/Cu Dual-Zone Displacer + Sensor Scatter Noise,Thongboon et al. 2023 ('New York pink' / Reddish-Pink intermediate),TRUE (MODELED DATA)
CP-148,0.59,1.86,1.097,32.6,47.6,42,Ag/Cu Dual-Zone,Stage 3: Intermediate Action Level (Reddish-Pink / 'New York Pink'),54.7,40.2,9.8,37.61,MONITOR,SYNTHETIC / LITERATURE-INFORMED — NOT LAB CALIBRATED,SYNTHETIC_SIMULATION_V2,Empirical Two-Chromophore Ag/Cu Dual-Zone Displacer + Sensor Scatter Noise,Thongboon et al. 2023 ('New York pink' / Reddish-Pink intermediate),TRUE (MODELED DATA)
CP-149,0.97,1.00,0.970,27.2,62.8,33,Ag/Cu Dual-Zone,Stage 3: Intermediate Action Level (Reddish-Pink / 'New York Pink'),53.3,40.2,7.0,34.73,MONITOR,SYNTHETIC / LITERATURE-INFORMED — NOT LAB CALIBRATED,SYNTHETIC_SIMULATION_V2,Empirical Two-Chromophore Ag/Cu Dual-Zone Displacer + Sensor Scatter Noise,Thongboon et al. 2023 ('New York pink' / Reddish-Pink intermediate),TRUE (MODELED DATA)
CP-150,0.27,3.27,0.883,19.2,46.1,78,Ag/Cu Dual-Zone,Stage 3: Intermediate Action Level (Reddish-Pink / 'New York Pink'),52.0,38.2,0.2,27.82,MONITOR,SYNTHETIC / LITERATURE-INFORMED — NOT LAB CALIBRATED,SYNTHETIC_SIMULATION_V2,Empirical Two-Chromophore Ag/Cu Dual-Zone Displacer + Sensor Scatter Noise,Thongboon et al. 2023 ('New York pink' / Reddish-Pink intermediate),TRUE (MODELED DATA)
CP-151,1.90,0.80,1.520,41.7,66.0,18,Ag/Cu Dual-Zone,Stage 4: Elevated Exposure (Orange-Red to Amber-Orange),61.0,35.5,24.5,51.70,REVIEW,SYNTHETIC / LITERATURE-INFORMED — NOT LAB CALIBRATED,SYNTHETIC_SIMULATION_V2,Empirical Two-Chromophore Ag/Cu Dual-Zone Displacer + Sensor Scatter Noise,Carpenter et al. 2017 / Thongboon et al. 2023 (Orange-red displacement),TRUE (MODELED DATA)
CP-152,2.91,0.70,2.037,21.6,76.7,20,Ag/Cu Dual-Zone,Stage 4: Elevated Exposure (Orange-Red to Amber-Orange),62.5,31.6,31.2,57.84,REVIEW,SYNTHETIC / LITERATURE-INFORMED — NOT LAB CALIBRATED,SYNTHETIC_SIMULATION_V2,Empirical Two-Chromophore Ag/Cu Dual-Zone Displacer + Sensor Scatter Noise,Carpenter et al. 2017 / Thongboon et al. 2023 (Orange-red displacement),TRUE (MODELED DATA)
CP-153,1.95,2.03,3.958,36.8,70.8,76,Ag/Cu Dual-Zone,Stage 4: Elevated Exposure (Orange-Red to Amber-Orange),69.9,25.5,47.9,75.83,REVIEW,SYNTHETIC / LITERATURE-INFORMED — NOT LAB CALIBRATED,SYNTHETIC_SIMULATION_V2,Empirical Two-Chromophore Ag/Cu Dual-Zone Displacer + Sensor Scatter Noise,Carpenter et al. 2017 / Thongboon et al. 2023 (Orange-red displacement),TRUE (MODELED DATA)
CP-154,1.23,2.94,3.616,35.5,67.3,69,Ag/Cu Dual-Zone,Stage 4: Elevated Exposure (Orange-Red to Amber-Orange),70.7,25.2,48.4,76.61,REVIEW,SYNTHETIC / LITERATURE-INFORMED — NOT LAB CALIBRATED,SYNTHETIC_SIMULATION_V2,Empirical Two-Chromophore Ag/Cu Dual-Zone Displacer + Sensor Scatter Noise,Carpenter et al. 2017 / Thongboon et al. 2023 (Orange-red displacement),TRUE (MODELED DATA)
CP-155,1.54,2.67,4.112,25.5,40.7,71,Ag/Cu Dual-Zone,Stage 4: Elevated Exposure (Orange-Red to Amber-Orange),70.7,26.1,48.8,76.97,REVIEW,SYNTHETIC / LITERATURE-INFORMED — NOT LAB CALIBRATED,SYNTHETIC_SIMULATION_V2,Empirical Two-Chromophore Ag/Cu Dual-Zone Displacer + Sensor Scatter Noise,Carpenter et al. 2017 / Thongboon et al. 2023 (Orange-red displacement),TRUE (MODELED DATA)
CP-156,0.65,7.66,4.979,40.4,71.8,38,Ag/Cu Dual-Zone,Stage 4: Elevated Exposure (Orange-Red to Amber-Orange),70.9,26.3,49.6,77.79,REVIEW,SYNTHETIC / LITERATURE-INFORMED — NOT LAB CALIBRATED,SYNTHETIC_SIMULATION_V2,Empirical Two-Chromophore Ag/Cu Dual-Zone Displacer + Sensor Scatter Noise,Carpenter et al. 2017 / Thongboon et al. 2023 (Orange-red displacement),TRUE (MODELED DATA)
CP-157,2.73,0.89,2.430,33.7,69.4,30,Ag/Cu Dual-Zone,Stage 4: Elevated Exposure (Orange-Red to Amber-Orange),66.6,29.0,41.8,69.00,REVIEW,SYNTHETIC / LITERATURE-INFORMED — NOT LAB CALIBRATED,SYNTHETIC_SIMULATION_V2,Empirical Two-Chromophore Ag/Cu Dual-Zone Displacer + Sensor Scatter Noise,Carpenter et al. 2017 / Thongboon et al. 2023 (Orange-red displacement),TRUE (MODELED DATA)
CP-158,3.68,1.17,4.306,18.1,59.5,23,Ag/Cu Dual-Zone,Stage 4: Elevated Exposure (Orange-Red to Amber-Orange),71.0,25.1,48.7,77.00,REVIEW,SYNTHETIC / LITERATURE-INFORMED — NOT LAB CALIBRATED,SYNTHETIC_SIMULATION_V2,Empirical Two-Chromophore Ag/Cu Dual-Zone Displacer + Sensor Scatter Noise,Carpenter et al. 2017 / Thongboon et al. 2023 (Orange-red displacement),TRUE (MODELED DATA)
CP-159,3.77,0.77,2.903,35.4,78.8,25,Ag/Cu Dual-Zone,Stage 4: Elevated Exposure (Orange-Red to Amber-Orange),70.7,25.1,48.8,76.98,REVIEW,SYNTHETIC / LITERATURE-INFORMED — NOT LAB CALIBRATED,SYNTHETIC_SIMULATION_V2,Empirical Two-Chromophore Ag/Cu Dual-Zone Displacer + Sensor Scatter Noise,Carpenter et al. 2017 / Thongboon et al. 2023 (Orange-red displacement),TRUE (MODELED DATA)
CP-160,0.53,4.76,2.523,38.9,46.5,7,Ag/Cu Dual-Zone,Stage 4: Elevated Exposure (Orange-Red to Amber-Orange),67.5,29.9,41.1,68.74,REVIEW,SYNTHETIC / LITERATURE-INFORMED — NOT LAB CALIBRATED,SYNTHETIC_SIMULATION_V2,Empirical Two-Chromophore Ag/Cu Dual-Zone Displacer + Sensor Scatter Noise,Carpenter et al. 2017 / Thongboon et al. 2023 (Orange-red displacement),TRUE (MODELED DATA)
CP-161,0.97,4.28,4.152,24.8,81.5,72,Ag/Cu Dual-Zone,Stage 4: Elevated Exposure (Orange-Red to Amber-Orange),70.4,26.2,48.6,76.67,REVIEW,SYNTHETIC / LITERATURE-INFORMED — NOT LAB CALIBRATED,SYNTHETIC_SIMULATION_V2,Empirical Two-Chromophore Ag/Cu Dual-Zone Displacer + Sensor Scatter Noise,Carpenter et al. 2017 / Thongboon et al. 2023 (Orange-red displacement),TRUE (MODELED DATA)
CP-162,2.30,1.15,2.645,33.6,67.9,4,Ag/Cu Dual-Zone,Stage 4: Elevated Exposure (Orange-Red to Amber-Orange),69.0,27.5,43.5,71.45,REVIEW,SYNTHETIC / LITERATURE-INFORMED — NOT LAB CALIBRATED,SYNTHETIC_SIMULATION_V2,Empirical Two-Chromophore Ag/Cu Dual-Zone Displacer + Sensor Scatter Noise,Carpenter et al. 2017 / Thongboon et al. 2023 (Orange-red displacement),TRUE (MODELED DATA)
CP-163,0.52,3.38,1.758,21.4,48.2,34,Ag/Cu Dual-Zone,Stage 4: Elevated Exposure (Orange-Red to Amber-Orange),58.2,37.1,19.7,46.64,REVIEW,SYNTHETIC / LITERATURE-INFORMED — NOT LAB CALIBRATED,SYNTHETIC_SIMULATION_V2,Empirical Two-Chromophore Ag/Cu Dual-Zone Displacer + Sensor Scatter Noise,Carpenter et al. 2017 / Thongboon et al. 2023 (Orange-red displacement),TRUE (MODELED DATA)
CP-164,2.92,0.97,2.832,31.7,45.1,49,Ag/Cu Dual-Zone,Stage 4: Elevated Exposure (Orange-Red to Amber-Orange),68.0,28.7,42.0,69.71,REVIEW,SYNTHETIC / LITERATURE-INFORMED — NOT LAB CALIBRATED,SYNTHETIC_SIMULATION_V2,Empirical Two-Chromophore Ag/Cu Dual-Zone Displacer + Sensor Scatter Noise,Carpenter et al. 2017 / Thongboon et al. 2023 (Orange-red displacement),TRUE (MODELED DATA)
CP-165,3.71,1.34,4.971,27.7,57.1,42,Ag/Cu Dual-Zone,Stage 4: Elevated Exposure (Orange-Red to Amber-Orange),71.0,24.7,49.2,77.47,REVIEW,SYNTHETIC / LITERATURE-INFORMED — NOT LAB CALIBRATED,SYNTHETIC_SIMULATION_V2,Empirical Two-Chromophore Ag/Cu Dual-Zone Displacer + Sensor Scatter Noise,Carpenter et al. 2017 / Thongboon et al. 2023 (Orange-red displacement),TRUE (MODELED DATA)
CP-166,0.91,2.04,1.856,21.9,74.7,59,Ag/Cu Dual-Zone,Stage 4: Elevated Exposure (Orange-Red to Amber-Orange),61.9,34.1,26.8,53.90,REVIEW,SYNTHETIC / LITERATURE-INFORMED — NOT LAB CALIBRATED,SYNTHETIC_SIMULATION_V2,Empirical Two-Chromophore Ag/Cu Dual-Zone Displacer + Sensor Scatter Noise,Carpenter et al. 2017 / Thongboon et al. 2023 (Orange-red displacement),TRUE (MODELED DATA)
CP-167,0.96,3.62,3.475,30.2,72.4,61,Ag/Cu Dual-Zone,Stage 4: Elevated Exposure (Orange-Red to Amber-Orange),70.0,25.3,48.8,76.70,REVIEW,SYNTHETIC / LITERATURE-INFORMED — NOT LAB CALIBRATED,SYNTHETIC_SIMULATION_V2,Empirical Two-Chromophore Ag/Cu Dual-Zone Displacer + Sensor Scatter Noise,Carpenter et al. 2017 / Thongboon et al. 2023 (Orange-red displacement),TRUE (MODELED DATA)
CP-168,0.66,3.08,2.033,18.5,44.7,3,Ag/Cu Dual-Zone,Stage 4: Elevated Exposure (Orange-Red to Amber-Orange),59.5,36.9,23.8,50.77,REVIEW,SYNTHETIC / LITERATURE-INFORMED — NOT LAB CALIBRATED,SYNTHETIC_SIMULATION_V2,Empirical Two-Chromophore Ag/Cu Dual-Zone Displacer + Sensor Scatter Noise,Carpenter et al. 2017 / Thongboon et al. 2023 (Orange-red displacement),TRUE (MODELED DATA)
CP-169,0.61,3.57,2.178,40.4,35.5,63,Ag/Cu Dual-Zone,Stage 4: Elevated Exposure (Orange-Red to Amber-Orange),63.9,31.3,33.6,60.56,REVIEW,SYNTHETIC / LITERATURE-INFORMED — NOT LAB CALIBRATED,SYNTHETIC_SIMULATION_V2,Empirical Two-Chromophore Ag/Cu Dual-Zone Displacer + Sensor Scatter Noise,Carpenter et al. 2017 / Thongboon et al. 2023 (Orange-red displacement),TRUE (MODELED DATA)
CP-170,1.82,1.10,2.002,28.1,81.6,51,Ag/Cu Dual-Zone,Stage 4: Elevated Exposure (Orange-Red to Amber-Orange),64.1,32.3,33.5,60.64,REVIEW,SYNTHETIC / LITERATURE-INFORMED — NOT LAB CALIBRATED,SYNTHETIC_SIMULATION_V2,Empirical Two-Chromophore Ag/Cu Dual-Zone Displacer + Sensor Scatter Noise,Carpenter et al. 2017 / Thongboon et al. 2023 (Orange-red displacement),TRUE (MODELED DATA)
CP-171,0.58,2.74,1.589,21.2,75.0,18,Ag/Cu Dual-Zone,Stage 4: Elevated Exposure (Orange-Red to Amber-Orange),58.2,36.6,19.0,45.90,REVIEW,SYNTHETIC / LITERATURE-INFORMED — NOT LAB CALIBRATED,SYNTHETIC_SIMULATION_V2,Empirical Two-Chromophore Ag/Cu Dual-Zone Displacer + Sensor Scatter Noise,Carpenter et al. 2017 / Thongboon et al. 2023 (Orange-red displacement),TRUE (MODELED DATA)
CP-172,3.18,0.74,2.353,23.9,49.3,38,Ag/Cu Dual-Zone,Stage 4: Elevated Exposure (Orange-Red to Amber-Orange),63.5,31.7,31.9,58.88,REVIEW,SYNTHETIC / LITERATURE-INFORMED — NOT LAB CALIBRATED,SYNTHETIC_SIMULATION_V2,Empirical Two-Chromophore Ag/Cu Dual-Zone Displacer + Sensor Scatter Noise,Carpenter et al. 2017 / Thongboon et al. 2023 (Orange-red displacement),TRUE (MODELED DATA)
CP-173,1.22,1.26,1.537,40.5,76.5,33,Ag/Cu Dual-Zone,Stage 4: Elevated Exposure (Orange-Red to Amber-Orange),61.1,35.2,24.7,51.86,REVIEW,SYNTHETIC / LITERATURE-INFORMED — NOT LAB CALIBRATED,SYNTHETIC_SIMULATION_V2,Empirical Two-Chromophore Ag/Cu Dual-Zone Displacer + Sensor Scatter Noise,Carpenter et al. 2017 / Thongboon et al. 2023 (Orange-red displacement),TRUE (MODELED DATA)
CP-174,3.22,1.55,4.991,35.8,52.1,32,Ag/Cu Dual-Zone,Stage 4: Elevated Exposure (Orange-Red to Amber-Orange),70.4,25.8,49.0,77.04,REVIEW,SYNTHETIC / LITERATURE-INFORMED — NOT LAB CALIBRATED,SYNTHETIC_SIMULATION_V2,Empirical Two-Chromophore Ag/Cu Dual-Zone Displacer + Sensor Scatter Noise,Carpenter et al. 2017 / Thongboon et al. 2023 (Orange-red displacement),TRUE (MODELED DATA)
CP-175,1.62,2.76,4.471,40.0,60.8,76,Ag/Cu Dual-Zone,Stage 4: Elevated Exposure (Orange-Red to Amber-Orange),70.9,26.0,49.1,77.33,REVIEW,SYNTHETIC / LITERATURE-INFORMED — NOT LAB CALIBRATED,SYNTHETIC_SIMULATION_V2,Empirical Two-Chromophore Ag/Cu Dual-Zone Displacer + Sensor Scatter Noise,Carpenter et al. 2017 / Thongboon et al. 2023 (Orange-red displacement),TRUE (MODELED DATA)
CP-176,1.96,1.62,3.175,19.5,79.4,25,Ag/Cu Dual-Zone,Stage 4: Elevated Exposure (Orange-Red to Amber-Orange),70.0,25.9,47.5,75.50,REVIEW,SYNTHETIC / LITERATURE-INFORMED — NOT LAB CALIBRATED,SYNTHETIC_SIMULATION_V2,Empirical Two-Chromophore Ag/Cu Dual-Zone Displacer + Sensor Scatter Noise,Carpenter et al. 2017 / Thongboon et al. 2023 (Orange-red displacement),TRUE (MODELED DATA)
CP-177,2.12,0.93,1.972,29.4,74.5,41,Ag/Cu Dual-Zone,Stage 4: Elevated Exposure (Orange-Red to Amber-Orange),63.2,32.3,31.9,58.82,REVIEW,SYNTHETIC / LITERATURE-INFORMED — NOT LAB CALIBRATED,SYNTHETIC_SIMULATION_V2,Empirical Two-Chromophore Ag/Cu Dual-Zone Displacer + Sensor Scatter Noise,Carpenter et al. 2017 / Thongboon et al. 2023 (Orange-red displacement),TRUE (MODELED DATA)
CP-178,0.82,5.93,4.863,24.1,48.5,13,Ag/Cu Dual-Zone,Stage 4: Elevated Exposure (Orange-Red to Amber-Orange),70.4,25.6,49.4,77.41,REVIEW,SYNTHETIC / LITERATURE-INFORMED — NOT LAB CALIBRATED,SYNTHETIC_SIMULATION_V2,Empirical Two-Chromophore Ag/Cu Dual-Zone Displacer + Sensor Scatter Noise,Carpenter et al. 2017 / Thongboon et al. 2023 (Orange-red displacement),TRUE (MODELED DATA)
CP-179,0.55,7.53,4.142,34.2,62.1,12,Ag/Cu Dual-Zone,Stage 4: Elevated Exposure (Orange-Red to Amber-Orange),70.7,25.5,49.6,77.71,REVIEW,SYNTHETIC / LITERATURE-INFORMED — NOT LAB CALIBRATED,SYNTHETIC_SIMULATION_V2,Empirical Two-Chromophore Ag/Cu Dual-Zone Displacer + Sensor Scatter Noise,Carpenter et al. 2017 / Thongboon et al. 2023 (Orange-red displacement),TRUE (MODELED DATA)
CP-180,1.89,2.29,4.328,23.8,62.2,29,Ag/Cu Dual-Zone,Stage 4: Elevated Exposure (Orange-Red to Amber-Orange),70.5,25.4,49.4,77.45,REVIEW,SYNTHETIC / LITERATURE-INFORMED — NOT LAB CALIBRATED,SYNTHETIC_SIMULATION_V2,Empirical Two-Chromophore Ag/Cu Dual-Zone Displacer + Sensor Scatter Noise,Carpenter et al. 2017 / Thongboon et al. 2023 (Orange-red displacement),TRUE (MODELED DATA)
CP-181,2.24,1.24,2.778,29.2,64.4,42,Ag/Cu Dual-Zone,Stage 4: Elevated Exposure (Orange-Red to Amber-Orange),68.7,27.6,44.1,71.88,REVIEW,SYNTHETIC / LITERATURE-INFORMED — NOT LAB CALIBRATED,SYNTHETIC_SIMULATION_V2,Empirical Two-Chromophore Ag/Cu Dual-Zone Displacer + Sensor Scatter Noise,Carpenter et al. 2017 / Thongboon et al. 2023 (Orange-red displacement),TRUE (MODELED DATA)
CP-182,0.56,4.65,2.604,26.9,52.7,75,Ag/Cu Dual-Zone,Stage 4: Elevated Exposure (Orange-Red to Amber-Orange),65.2,29.2,37.9,64.87,REVIEW,SYNTHETIC / LITERATURE-INFORMED — NOT LAB CALIBRATED,SYNTHETIC_SIMULATION_V2,Empirical Two-Chromophore Ag/Cu Dual-Zone Displacer + Sensor Scatter Noise,Carpenter et al. 2017 / Thongboon et al. 2023 (Orange-red displacement),TRUE (MODELED DATA)
CP-183,0.53,4.29,2.274,25.1,41.8,32,Ag/Cu Dual-Zone,Stage 4: Elevated Exposure (Orange-Red to Amber-Orange),62.2,33.4,29.7,56.56,REVIEW,SYNTHETIC / LITERATURE-INFORMED — NOT LAB CALIBRATED,SYNTHETIC_SIMULATION_V2,Empirical Two-Chromophore Ag/Cu Dual-Zone Displacer + Sensor Scatter Noise,Carpenter et al. 2017 / Thongboon et al. 2023 (Orange-red displacement),TRUE (MODELED DATA)
CP-184,0.56,5.92,3.315,29.6,56.4,3,Ag/Cu Dual-Zone,Stage 4: Elevated Exposure (Orange-Red to Amber-Orange),69.6,25.6,47.9,75.72,REVIEW,SYNTHETIC / LITERATURE-INFORMED — NOT LAB CALIBRATED,SYNTHETIC_SIMULATION_V2,Empirical Two-Chromophore Ag/Cu Dual-Zone Displacer + Sensor Scatter Noise,Carpenter et al. 2017 / Thongboon et al. 2023 (Orange-red displacement),TRUE (MODELED DATA)
CP-185,1.02,1.94,1.979,30.1,66.9,58,Ag/Cu Dual-Zone,Stage 4: Elevated Exposure (Orange-Red to Amber-Orange),62.4,32.3,31.4,58.06,REVIEW,SYNTHETIC / LITERATURE-INFORMED — NOT LAB CALIBRATED,SYNTHETIC_SIMULATION_V2,Empirical Two-Chromophore Ag/Cu Dual-Zone Displacer + Sensor Scatter Noise,Carpenter et al. 2017 / Thongboon et al. 2023 (Orange-red displacement),TRUE (MODELED DATA)
CP-186,2.77,0.74,2.050,27.0,52.3,75,Ag/Cu Dual-Zone,Stage 4: Elevated Exposure (Orange-Red to Amber-Orange),62.6,33.2,29.1,56.14,REVIEW,SYNTHETIC / LITERATURE-INFORMED — NOT LAB CALIBRATED,SYNTHETIC_SIMULATION_V2,Empirical Two-Chromophore Ag/Cu Dual-Zone Displacer + Sensor Scatter Noise,Carpenter et al. 2017 / Thongboon et al. 2023 (Orange-red displacement),TRUE (MODELED DATA)
CP-187,0.77,6.09,4.689,29.4,63.8,24,Ag/Cu Dual-Zone,Stage 4: Elevated Exposure (Orange-Red to Amber-Orange),70.4,25.6,49.0,77.04,REVIEW,SYNTHETIC / LITERATURE-INFORMED — NOT LAB CALIBRATED,SYNTHETIC_SIMULATION_V2,Empirical Two-Chromophore Ag/Cu Dual-Zone Displacer + Sensor Scatter Noise,Carpenter et al. 2017 / Thongboon et al. 2023 (Orange-red displacement),TRUE (MODELED DATA)
CP-188,0.60,2.55,1.530,32.5,62.7,79,Ag/Cu Dual-Zone,Stage 4: Elevated Exposure (Orange-Red to Amber-Orange),59.0,37.2,20.7,47.86,REVIEW,SYNTHETIC / LITERATURE-INFORMED — NOT LAB CALIBRATED,SYNTHETIC_SIMULATION_V2,Empirical Two-Chromophore Ag/Cu Dual-Zone Displacer + Sensor Scatter Noise,Carpenter et al. 2017 / Thongboon et al. 2023 (Orange-red displacement),TRUE (MODELED DATA)
CP-189,1.53,2.35,3.596,26.5,79.1,58,Ag/Cu Dual-Zone,Stage 4: Elevated Exposure (Orange-Red to Amber-Orange),70.8,25.6,48.3,76.55,REVIEW,SYNTHETIC / LITERATURE-INFORMED — NOT LAB CALIBRATED,SYNTHETIC_SIMULATION_V2,Empirical Two-Chromophore Ag/Cu Dual-Zone Displacer + Sensor Scatter Noise,Carpenter et al. 2017 / Thongboon et al. 2023 (Orange-red displacement),TRUE (MODELED DATA)
CP-190,1.44,1.49,2.146,21.7,51.5,49,Ag/Cu Dual-Zone,Stage 4: Elevated Exposure (Orange-Red to Amber-Orange),62.5,33.9,28.9,56.01,REVIEW,SYNTHETIC / LITERATURE-INFORMED — NOT LAB CALIBRATED,SYNTHETIC_SIMULATION_V2,Empirical Two-Chromophore Ag/Cu Dual-Zone Displacer + Sensor Scatter Noise,Carpenter et al. 2017 / Thongboon et al. 2023 (Orange-red displacement),TRUE (MODELED DATA)
CP-191,0.81,4.66,3.775,31.3,52.4,6,Ag/Cu Dual-Zone,Stage 4: Elevated Exposure (Orange-Red to Amber-Orange),69.9,25.1,49.1,76.94,REVIEW,SYNTHETIC / LITERATURE-INFORMED — NOT LAB CALIBRATED,SYNTHETIC_SIMULATION_V2,Empirical Two-Chromophore Ag/Cu Dual-Zone Displacer + Sensor Scatter Noise,Carpenter et al. 2017 / Thongboon et al. 2023 (Orange-red displacement),TRUE (MODELED DATA)
CP-192,2.50,1.77,4.425,27.9,71.0,74,Ag/Cu Dual-Zone,Stage 4: Elevated Exposure (Orange-Red to Amber-Orange),70.4,25.3,49.2,77.23,REVIEW,SYNTHETIC / LITERATURE-INFORMED — NOT LAB CALIBRATED,SYNTHETIC_SIMULATION_V2,Empirical Two-Chromophore Ag/Cu Dual-Zone Displacer + Sensor Scatter Noise,Carpenter et al. 2017 / Thongboon et al. 2023 (Orange-red displacement),TRUE (MODELED DATA)
CP-193,1.09,2.57,2.801,25.2,56.7,11,Ag/Cu Dual-Zone,Stage 4: Elevated Exposure (Orange-Red to Amber-Orange),67.0,29.3,40.3,67.78,REVIEW,SYNTHETIC / LITERATURE-INFORMED — NOT LAB CALIBRATED,SYNTHETIC_SIMULATION_V2,Empirical Two-Chromophore Ag/Cu Dual-Zone Displacer + Sensor Scatter Noise,Carpenter et al. 2017 / Thongboon et al. 2023 (Orange-red displacement),TRUE (MODELED DATA)
CP-194,1.18,1.30,1.534,35.3,56.8,81,Ag/Cu Dual-Zone,Stage 4: Elevated Exposure (Orange-Red to Amber-Orange),59.6,36.4,22.0,49.08,REVIEW,SYNTHETIC / LITERATURE-INFORMED — NOT LAB CALIBRATED,SYNTHETIC_SIMULATION_V2,Empirical Two-Chromophore Ag/Cu Dual-Zone Displacer + Sensor Scatter Noise,Carpenter et al. 2017 / Thongboon et al. 2023 (Orange-red displacement),TRUE (MODELED DATA)
CP-195,2.18,1.83,3.989,26.0,63.0,45,Ag/Cu Dual-Zone,Stage 4: Elevated Exposure (Orange-Red to Amber-Orange),70.2,25.7,48.9,76.87,REVIEW,SYNTHETIC / LITERATURE-INFORMED — NOT LAB CALIBRATED,SYNTHETIC_SIMULATION_V2,Empirical Two-Chromophore Ag/Cu Dual-Zone Displacer + Sensor Scatter Noise,Carpenter et al. 2017 / Thongboon et al. 2023 (Orange-red displacement),TRUE (MODELED DATA)
CP-196,1.88,1.35,2.538,41.2,71.1,44,Ag/Cu Dual-Zone,Stage 4: Elevated Exposure (Orange-Red to Amber-Orange),67.9,26.9,43.9,71.37,REVIEW,SYNTHETIC / LITERATURE-INFORMED — NOT LAB CALIBRATED,SYNTHETIC_SIMULATION_V2,Empirical Two-Chromophore Ag/Cu Dual-Zone Displacer + Sensor Scatter Noise,Carpenter et al. 2017 / Thongboon et al. 2023 (Orange-red displacement),TRUE (MODELED DATA)
CP-197,0.59,5.95,3.510,31.1,66.1,73,Ag/Cu Dual-Zone,Stage 4: Elevated Exposure (Orange-Red to Amber-Orange),70.8,25.4,49.3,77.47,REVIEW,SYNTHETIC / LITERATURE-INFORMED — NOT LAB CALIBRATED,SYNTHETIC_SIMULATION_V2,Empirical Two-Chromophore Ag/Cu Dual-Zone Displacer + Sensor Scatter Noise,Carpenter et al. 2017 / Thongboon et al. 2023 (Orange-red displacement),TRUE (MODELED DATA)
CP-198,2.86,1.54,4.404,19.7,74.4,55,Ag/Cu Dual-Zone,Stage 4: Elevated Exposure (Orange-Red to Amber-Orange),69.7,25.4,49.4,77.14,REVIEW,SYNTHETIC / LITERATURE-INFORMED — NOT LAB CALIBRATED,SYNTHETIC_SIMULATION_V2,Empirical Two-Chromophore Ag/Cu Dual-Zone Displacer + Sensor Scatter Noise,Carpenter et al. 2017 / Thongboon et al. 2023 (Orange-red displacement),TRUE (MODELED DATA)
CP-199,2.73,1.14,3.112,21.7,53.2,51,Ag/Cu Dual-Zone,Stage 4: Elevated Exposure (Orange-Red to Amber-Orange),68.1,27.3,42.5,70.17,REVIEW,SYNTHETIC / LITERATURE-INFORMED — NOT LAB CALIBRATED,SYNTHETIC_SIMULATION_V2,Empirical Two-Chromophore Ag/Cu Dual-Zone Displacer + Sensor Scatter Noise,Carpenter et al. 2017 / Thongboon et al. 2023 (Orange-red displacement),TRUE (MODELED DATA)
CP-200,1.00,2.84,2.840,19.1,81.2,85,Ag/Cu Dual-Zone,Stage 4: Elevated Exposure (Orange-Red to Amber-Orange),68.7,27.5,43.4,71.24,REVIEW,SYNTHETIC / LITERATURE-INFORMED — NOT LAB CALIBRATED,SYNTHETIC_SIMULATION_V2,Empirical Two-Chromophore Ag/Cu Dual-Zone Displacer + Sensor Scatter Noise,Carpenter et al. 2017 / Thongboon et al. 2023 (Orange-red displacement),TRUE (MODELED DATA)
CP-201,11.24,1.16,13.038,29.6,55.8,61,Ag/Cu Dual-Zone,Stage 5: High / Saturated Overexposure (Vivid Yellow-Orange),79.8,14.2,71.3,101.92,REVIEW,SYNTHETIC / LITERATURE-INFORMED — NOT LAB CALIBRATED,SYNTHETIC_SIMULATION_V2,Empirical Two-Chromophore Ag/Cu Dual-Zone Displacer + Sensor Scatter Noise,"Wang et al. 2022 / Thongboon et al. 2023 (Free H-PAN yellow saturation, λmax ~465 nm)",TRUE (MODELED DATA)
CP-202,4.08,4.92,20.074,35.8,57.8,75,Ag/Cu Dual-Zone,Stage 5: High / Saturated Overexposure (Vivid Yellow-Orange),79.0,14.3,70.9,101.24,REVIEW,SYNTHETIC / LITERATURE-INFORMED — NOT LAB CALIBRATED,SYNTHETIC_SIMULATION_V2,Empirical Two-Chromophore Ag/Cu Dual-Zone Displacer + Sensor Scatter Noise,"Wang et al. 2022 / Thongboon et al. 2023 (Free H-PAN yellow saturation, λmax ~465 nm)",TRUE (MODELED DATA)
CP-203,7.14,6.16,43.982,27.7,41.2,60,Ag/Cu Dual-Zone,Stage 5: High / Saturated Overexposure (Vivid Yellow-Orange),80.4,13.7,71.0,101.94,REVIEW,SYNTHETIC / LITERATURE-INFORMED — NOT LAB CALIBRATED,SYNTHETIC_SIMULATION_V2,Empirical Two-Chromophore Ag/Cu Dual-Zone Displacer + Sensor Scatter Noise,"Wang et al. 2022 / Thongboon et al. 2023 (Free H-PAN yellow saturation, λmax ~465 nm)",TRUE (MODELED DATA)
CP-204,8.98,3.56,31.969,23.2,45.9,13,Ag/Cu Dual-Zone,Stage 5: High / Saturated Overexposure (Vivid Yellow-Orange),80.0,14.1,71.3,102.01,REVIEW,SYNTHETIC / LITERATURE-INFORMED — NOT LAB CALIBRATED,SYNTHETIC_SIMULATION_V2,Empirical Two-Chromophore Ag/Cu Dual-Zone Displacer + Sensor Scatter Noise,"Wang et al. 2022 / Thongboon et al. 2023 (Free H-PAN yellow saturation, λmax ~465 nm)",TRUE (MODELED DATA)
CP-205,9.63,3.44,33.127,34.1,56.5,45,Ag/Cu Dual-Zone,Stage 5: High / Saturated Overexposure (Vivid Yellow-Orange),80.4,13.5,71.3,102.24,REVIEW,SYNTHETIC / LITERATURE-INFORMED — NOT LAB CALIBRATED,SYNTHETIC_SIMULATION_V2,Empirical Two-Chromophore Ag/Cu Dual-Zone Displacer + Sensor Scatter Noise,"Wang et al. 2022 / Thongboon et al. 2023 (Free H-PAN yellow saturation, λmax ~465 nm)",TRUE (MODELED DATA)
CP-206,10.74,3.19,34.261,25.1,62.7,15,Ag/Cu Dual-Zone,Stage 5: High / Saturated Overexposure (Vivid Yellow-Orange),79.4,14.0,71.3,101.79,REVIEW,SYNTHETIC / LITERATURE-INFORMED — NOT LAB CALIBRATED,SYNTHETIC_SIMULATION_V2,Empirical Two-Chromophore Ag/Cu Dual-Zone Displacer + Sensor Scatter Noise,"Wang et al. 2022 / Thongboon et al. 2023 (Free H-PAN yellow saturation, λmax ~465 nm)",TRUE (MODELED DATA)
CP-207,7.44,1.97,14.657,27.0,39.1,54,Ag/Cu Dual-Zone,Stage 5: High / Saturated Overexposure (Vivid Yellow-Orange),79.7,14.2,70.3,100.97,REVIEW,SYNTHETIC / LITERATURE-INFORMED — NOT LAB CALIBRATED,SYNTHETIC_SIMULATION_V2,Empirical Two-Chromophore Ag/Cu Dual-Zone Displacer + Sensor Scatter Noise,"Wang et al. 2022 / Thongboon et al. 2023 (Free H-PAN yellow saturation, λmax ~465 nm)",TRUE (MODELED DATA)
CP-208,4.17,3.02,12.593,33.5,82.0,76,Ag/Cu Dual-Zone,Stage 5: High / Saturated Overexposure (Vivid Yellow-Orange),79.5,14.3,71.9,102.35,REVIEW,SYNTHETIC / LITERATURE-INFORMED — NOT LAB CALIBRATED,SYNTHETIC_SIMULATION_V2,Empirical Two-Chromophore Ag/Cu Dual-Zone Displacer + Sensor Scatter Noise,"Wang et al. 2022 / Thongboon et al. 2023 (Free H-PAN yellow saturation, λmax ~465 nm)",TRUE (MODELED DATA)
CP-209,8.30,2.37,19.671,32.9,75.3,6,Ag/Cu Dual-Zone,Stage 5: High / Saturated Overexposure (Vivid Yellow-Orange),79.6,14.3,70.7,101.29,REVIEW,SYNTHETIC / LITERATURE-INFORMED — NOT LAB CALIBRATED,SYNTHETIC_SIMULATION_V2,Empirical Two-Chromophore Ag/Cu Dual-Zone Displacer + Sensor Scatter Noise,"Wang et al. 2022 / Thongboon et al. 2023 (Free H-PAN yellow saturation, λmax ~465 nm)",TRUE (MODELED DATA)
CP-210,8.35,1.58,13.193,29.8,67.5,61,Ag/Cu Dual-Zone,Stage 5: High / Saturated Overexposure (Vivid Yellow-Orange),79.6,14.7,71.1,101.61,REVIEW,SYNTHETIC / LITERATURE-INFORMED — NOT LAB CALIBRATED,SYNTHETIC_SIMULATION_V2,Empirical Two-Chromophore Ag/Cu Dual-Zone Displacer + Sensor Scatter Noise,"Wang et al. 2022 / Thongboon et al. 2023 (Free H-PAN yellow saturation, λmax ~465 nm)",TRUE (MODELED DATA)
CP-211,5.75,6.47,37.203,25.0,45.7,73,Ag/Cu Dual-Zone,Stage 5: High / Saturated Overexposure (Vivid Yellow-Orange),79.3,13.7,70.3,100.88,REVIEW,SYNTHETIC / LITERATURE-INFORMED — NOT LAB CALIBRATED,SYNTHETIC_SIMULATION_V2,Empirical Two-Chromophore Ag/Cu Dual-Zone Displacer + Sensor Scatter Noise,"Wang et al. 2022 / Thongboon et al. 2023 (Free H-PAN yellow saturation, λmax ~465 nm)",TRUE (MODELED DATA)
CP-212,12.69,1.29,16.370,31.7,45.4,74,Ag/Cu Dual-Zone,Stage 5: High / Saturated Overexposure (Vivid Yellow-Orange),80.0,13.9,70.3,101.12,REVIEW,SYNTHETIC / LITERATURE-INFORMED — NOT LAB CALIBRATED,SYNTHETIC_SIMULATION_V2,Empirical Two-Chromophore Ag/Cu Dual-Zone Displacer + Sensor Scatter Noise,"Wang et al. 2022 / Thongboon et al. 2023 (Free H-PAN yellow saturation, λmax ~465 nm)",TRUE (MODELED DATA)
CP-213,7.85,3.44,27.004,41.8,37.1,36,Ag/Cu Dual-Zone,Stage 5: High / Saturated Overexposure (Vivid Yellow-Orange),80.2,13.6,72.0,102.79,REVIEW,SYNTHETIC / LITERATURE-INFORMED — NOT LAB CALIBRATED,SYNTHETIC_SIMULATION_V2,Empirical Two-Chromophore Ag/Cu Dual-Zone Displacer + Sensor Scatter Noise,"Wang et al. 2022 / Thongboon et al. 2023 (Free H-PAN yellow saturation, λmax ~465 nm)",TRUE (MODELED DATA)
CP-214,9.93,4.00,39.720,23.7,72.5,80,Ag/Cu Dual-Zone,Stage 5: High / Saturated Overexposure (Vivid Yellow-Orange),80.0,13.5,70.4,101.26,REVIEW,SYNTHETIC / LITERATURE-INFORMED — NOT LAB CALIBRATED,SYNTHETIC_SIMULATION_V2,Empirical Two-Chromophore Ag/Cu Dual-Zone Displacer + Sensor Scatter Noise,"Wang et al. 2022 / Thongboon et al. 2023 (Free H-PAN yellow saturation, λmax ~465 nm)",TRUE (MODELED DATA)
CP-215,6.56,2.97,19.483,37.5,72.3,77,Ag/Cu Dual-Zone,Stage 5: High / Saturated Overexposure (Vivid Yellow-Orange),79.6,13.9,70.9,101.52,REVIEW,SYNTHETIC / LITERATURE-INFORMED — NOT LAB CALIBRATED,SYNTHETIC_SIMULATION_V2,Empirical Two-Chromophore Ag/Cu Dual-Zone Displacer + Sensor Scatter Noise,"Wang et al. 2022 / Thongboon et al. 2023 (Free H-PAN yellow saturation, λmax ~465 nm)",TRUE (MODELED DATA)
CP-216,3.76,6.25,23.500,24.4,74.9,17,Ag/Cu Dual-Zone,Stage 5: High / Saturated Overexposure (Vivid Yellow-Orange),79.6,13.9,71.1,101.70,REVIEW,SYNTHETIC / LITERATURE-INFORMED — NOT LAB CALIBRATED,SYNTHETIC_SIMULATION_V2,Empirical Two-Chromophore Ag/Cu Dual-Zone Displacer + Sensor Scatter Noise,"Wang et al. 2022 / Thongboon et al. 2023 (Free H-PAN yellow saturation, λmax ~465 nm)",TRUE (MODELED DATA)
CP-217,5.25,5.98,31.395,24.7,64.8,21,Ag/Cu Dual-Zone,Stage 5: High / Saturated Overexposure (Vivid Yellow-Orange),80.4,13.4,70.7,101.71,REVIEW,SYNTHETIC / LITERATURE-INFORMED — NOT LAB CALIBRATED,SYNTHETIC_SIMULATION_V2,Empirical Two-Chromophore Ag/Cu Dual-Zone Displacer + Sensor Scatter Noise,"Wang et al. 2022 / Thongboon et al. 2023 (Free H-PAN yellow saturation, λmax ~465 nm)",TRUE (MODELED DATA)
CP-218,6.88,1.53,10.526,31.9,45.4,58,Ag/Cu Dual-Zone,Stage 5: High / Saturated Overexposure (Vivid Yellow-Orange),79.3,14.5,69.5,100.05,REVIEW,SYNTHETIC / LITERATURE-INFORMED — NOT LAB CALIBRATED,SYNTHETIC_SIMULATION_V2,Empirical Two-Chromophore Ag/Cu Dual-Zone Displacer + Sensor Scatter Noise,"Wang et al. 2022 / Thongboon et al. 2023 (Free H-PAN yellow saturation, λmax ~465 nm)",TRUE (MODELED DATA)
CP-219,7.91,4.42,34.962,27.7,69.5,52,Ag/Cu Dual-Zone,Stage 5: High / Saturated Overexposure (Vivid Yellow-Orange),79.2,13.6,71.1,101.58,REVIEW,SYNTHETIC / LITERATURE-INFORMED — NOT LAB CALIBRATED,SYNTHETIC_SIMULATION_V2,Empirical Two-Chromophore Ag/Cu Dual-Zone Displacer + Sensor Scatter Noise,"Wang et al. 2022 / Thongboon et al. 2023 (Free H-PAN yellow saturation, λmax ~465 nm)",TRUE (MODELED DATA)
CP-220,6.20,2.99,18.538,41.3,63.7,50,Ag/Cu Dual-Zone,Stage 5: High / Saturated Overexposure (Vivid Yellow-Orange),79.8,13.8,70.9,101.61,REVIEW,SYNTHETIC / LITERATURE-INFORMED — NOT LAB CALIBRATED,SYNTHETIC_SIMULATION_V2,Empirical Two-Chromophore Ag/Cu Dual-Zone Displacer + Sensor Scatter Noise,"Wang et al. 2022 / Thongboon et al. 2023 (Free H-PAN yellow saturation, λmax ~465 nm)",TRUE (MODELED DATA)
CP-221,2.60,5.38,13.988,38.5,71.4,11,Ag/Cu Dual-Zone,Stage 5: High / Saturated Overexposure (Vivid Yellow-Orange),80.0,14.0,71.3,102.03,REVIEW,SYNTHETIC / LITERATURE-INFORMED — NOT LAB CALIBRATED,SYNTHETIC_SIMULATION_V2,Empirical Two-Chromophore Ag/Cu Dual-Zone Displacer + Sensor Scatter Noise,"Wang et al. 2022 / Thongboon et al. 2023 (Free H-PAN yellow saturation, λmax ~465 nm)",TRUE (MODELED DATA)
CP-222,4.63,5.82,26.947,29.0,81.6,59,Ag/Cu Dual-Zone,Stage 5: High / Saturated Overexposure (Vivid Yellow-Orange),79.9,14.4,71.6,102.21,REVIEW,SYNTHETIC / LITERATURE-INFORMED — NOT LAB CALIBRATED,SYNTHETIC_SIMULATION_V2,Empirical Two-Chromophore Ag/Cu Dual-Zone Displacer + Sensor Scatter Noise,"Wang et al. 2022 / Thongboon et al. 2023 (Free H-PAN yellow saturation, λmax ~465 nm)",TRUE (MODELED DATA)
CP-223,3.21,3.52,11.299,21.8,78.6,40,Ag/Cu Dual-Zone,Stage 5: High / Saturated Overexposure (Vivid Yellow-Orange),80.5,14.4,70.6,101.53,REVIEW,SYNTHETIC / LITERATURE-INFORMED — NOT LAB CALIBRATED,SYNTHETIC_SIMULATION_V2,Empirical Two-Chromophore Ag/Cu Dual-Zone Displacer + Sensor Scatter Noise,"Wang et al. 2022 / Thongboon et al. 2023 (Free H-PAN yellow saturation, λmax ~465 nm)",TRUE (MODELED DATA)
CP-224,7.58,1.64,12.431,33.0,68.3,34,Ag/Cu Dual-Zone,Stage 5: High / Saturated Overexposure (Vivid Yellow-Orange),79.8,14.3,71.1,101.73,REVIEW,SYNTHETIC / LITERATURE-INFORMED — NOT LAB CALIBRATED,SYNTHETIC_SIMULATION_V2,Empirical Two-Chromophore Ag/Cu Dual-Zone Displacer + Sensor Scatter Noise,"Wang et al. 2022 / Thongboon et al. 2023 (Free H-PAN yellow saturation, λmax ~465 nm)",TRUE (MODELED DATA)
CP-225,10.84,1.07,11.599,19.9,61.7,71,Ag/Cu Dual-Zone,Stage 5: High / Saturated Overexposure (Vivid Yellow-Orange),79.5,13.5,71.2,101.80,REVIEW,SYNTHETIC / LITERATURE-INFORMED — NOT LAB CALIBRATED,SYNTHETIC_SIMULATION_V2,Empirical Two-Chromophore Ag/Cu Dual-Zone Displacer + Sensor Scatter Noise,"Wang et al. 2022 / Thongboon et al. 2023 (Free H-PAN yellow saturation, λmax ~465 nm)",TRUE (MODELED DATA)
CP-226,3.16,6.64,20.982,21.2,35.5,54,Ag/Cu Dual-Zone,Stage 5: High / Saturated Overexposure (Vivid Yellow-Orange),80.0,14.3,71.3,101.99,REVIEW,SYNTHETIC / LITERATURE-INFORMED — NOT LAB CALIBRATED,SYNTHETIC_SIMULATION_V2,Empirical Two-Chromophore Ag/Cu Dual-Zone Displacer + Sensor Scatter Noise,"Wang et al. 2022 / Thongboon et al. 2023 (Free H-PAN yellow saturation, λmax ~465 nm)",TRUE (MODELED DATA)
CP-227,2.89,4.94,14.277,25.2,51.1,22,Ag/Cu Dual-Zone,Stage 5: High / Saturated Overexposure (Vivid Yellow-Orange),79.7,13.9,70.7,101.37,REVIEW,SYNTHETIC / LITERATURE-INFORMED — NOT LAB CALIBRATED,SYNTHETIC_SIMULATION_V2,Empirical Two-Chromophore Ag/Cu Dual-Zone Displacer + Sensor Scatter Noise,"Wang et al. 2022 / Thongboon et al. 2023 (Free H-PAN yellow saturation, λmax ~465 nm)",TRUE (MODELED DATA)
CP-228,3.13,1.70,5.321,36.0,78.0,83,Ag/Cu Dual-Zone,Stage 5: High / Saturated Overexposure (Vivid Yellow-Orange),78.2,16.5,65.5,95.75,REVIEW,SYNTHETIC / LITERATURE-INFORMED — NOT LAB CALIBRATED,SYNTHETIC_SIMULATION_V2,Empirical Two-Chromophore Ag/Cu Dual-Zone Displacer + Sensor Scatter Noise,"Wang et al. 2022 / Thongboon et al. 2023 (Free H-PAN yellow saturation, λmax ~465 nm)",TRUE (MODELED DATA)
CP-229,12.28,2.73,33.524,27.2,80.2,45,Ag/Cu Dual-Zone,Stage 5: High / Saturated Overexposure (Vivid Yellow-Orange),79.8,13.8,70.3,101.06,REVIEW,SYNTHETIC / LITERATURE-INFORMED — NOT LAB CALIBRATED,SYNTHETIC_SIMULATION_V2,Empirical Two-Chromophore Ag/Cu Dual-Zone Displacer + Sensor Scatter Noise,"Wang et al. 2022 / Thongboon et al. 2023 (Free H-PAN yellow saturation, λmax ~465 nm)",TRUE (MODELED DATA)
CP-230,5.92,4.62,27.350,24.8,79.1,8,Ag/Cu Dual-Zone,Stage 5: High / Saturated Overexposure (Vivid Yellow-Orange),79.6,13.3,70.9,101.59,REVIEW,SYNTHETIC / LITERATURE-INFORMED — NOT LAB CALIBRATED,SYNTHETIC_SIMULATION_V2,Empirical Two-Chromophore Ag/Cu Dual-Zone Displacer + Sensor Scatter Noise,"Wang et al. 2022 / Thongboon et al. 2023 (Free H-PAN yellow saturation, λmax ~465 nm)",TRUE (MODELED DATA)
CP-231,8.43,1.79,15.090,25.1,34.7,35,Ag/Cu Dual-Zone,Stage 5: High / Saturated Overexposure (Vivid Yellow-Orange),79.3,14.1,69.4,100.01,REVIEW,SYNTHETIC / LITERATURE-INFORMED — NOT LAB CALIBRATED,SYNTHETIC_SIMULATION_V2,Empirical Two-Chromophore Ag/Cu Dual-Zone Displacer + Sensor Scatter Noise,"Wang et al. 2022 / Thongboon et al. 2023 (Free H-PAN yellow saturation, λmax ~465 nm)",TRUE (MODELED DATA)
CP-232,7.47,4.82,36.005,41.7,78.7,21,Ag/Cu Dual-Zone,Stage 5: High / Saturated Overexposure (Vivid Yellow-Orange),79.8,14.2,71.5,102.11,REVIEW,SYNTHETIC / LITERATURE-INFORMED — NOT LAB CALIBRATED,SYNTHETIC_SIMULATION_V2,Empirical Two-Chromophore Ag/Cu Dual-Zone Displacer + Sensor Scatter Noise,"Wang et al. 2022 / Thongboon et al. 2023 (Free H-PAN yellow saturation, λmax ~465 nm)",TRUE (MODELED DATA)
CP-233,2.88,2.84,8.179,41.7,35.6,80,Ag/Cu Dual-Zone,Stage 5: High / Saturated Overexposure (Vivid Yellow-Orange),79.5,14.9,69.6,100.17,REVIEW,SYNTHETIC / LITERATURE-INFORMED — NOT LAB CALIBRATED,SYNTHETIC_SIMULATION_V2,Empirical Two-Chromophore Ag/Cu Dual-Zone Displacer + Sensor Scatter Noise,"Wang et al. 2022 / Thongboon et al. 2023 (Free H-PAN yellow saturation, λmax ~465 nm)",TRUE (MODELED DATA)
CP-234,7.51,3.82,28.688,33.1,57.1,58,Ag/Cu Dual-Zone,Stage 5: High / Saturated Overexposure (Vivid Yellow-Orange),79.5,13.7,70.5,101.14,REVIEW,SYNTHETIC / LITERATURE-INFORMED — NOT LAB CALIBRATED,SYNTHETIC_SIMULATION_V2,Empirical Two-Chromophore Ag/Cu Dual-Zone Displacer + Sensor Scatter Noise,"Wang et al. 2022 / Thongboon et al. 2023 (Free H-PAN yellow saturation, λmax ~465 nm)",TRUE (MODELED DATA)
CP-235,8.65,2.42,20.933,21.7,36.2,15,Ag/Cu Dual-Zone,Stage 5: High / Saturated Overexposure (Vivid Yellow-Orange),80.2,13.5,70.4,101.34,REVIEW,SYNTHETIC / LITERATURE-INFORMED — NOT LAB CALIBRATED,SYNTHETIC_SIMULATION_V2,Empirical Two-Chromophore Ag/Cu Dual-Zone Displacer + Sensor Scatter Noise,"Wang et al. 2022 / Thongboon et al. 2023 (Free H-PAN yellow saturation, λmax ~465 nm)",TRUE (MODELED DATA)
CP-236,0.25,5.74,1.435,38.0,66.1,92,Ag/Cu Dual-Zone,Expired Chemistry (Aged Pale Violet - Degraded Matrix),46.2,17.6,-8.1,17.21,REVIEW,SYNTHETIC / LITERATURE-INFORMED — NOT LAB CALIBRATED,SYNTHETIC_SIMULATION_V2,Empirical Two-Chromophore Ag/Cu Dual-Zone Displacer + Sensor Scatter Noise,Dosimeter Operational Shelf-Life Constraint (>90 Days Discard Rule),TRUE (MODELED DATA)
CP-237,2.00,6.05,12.100,32.6,47.5,102,Ag/Cu Dual-Zone,Expired Chemistry (Aged Pale Violet - Degraded Matrix),45.9,17.2,-6.8,18.37,REVIEW,SYNTHETIC / LITERATURE-INFORMED — NOT LAB CALIBRATED,SYNTHETIC_SIMULATION_V2,Empirical Two-Chromophore Ag/Cu Dual-Zone Displacer + Sensor Scatter Noise,Dosimeter Operational Shelf-Life Constraint (>90 Days Discard Rule),TRUE (MODELED DATA)
CP-238,0.25,1.45,0.362,36.8,68.0,93,Ag/Cu Dual-Zone,Expired Chemistry (Aged Pale Violet - Degraded Matrix),46.8,16.9,-6.4,19.13,REVIEW,SYNTHETIC / LITERATURE-INFORMED — NOT LAB CALIBRATED,SYNTHETIC_SIMULATION_V2,Empirical Two-Chromophore Ag/Cu Dual-Zone Displacer + Sensor Scatter Noise,Dosimeter Operational Shelf-Life Constraint (>90 Days Discard Rule),TRUE (MODELED DATA)
CP-239,1.00,5.21,5.210,24.5,35.2,102,Ag/Cu Dual-Zone,Expired Chemistry (Aged Pale Violet - Degraded Matrix),47.1,17.8,-7.3,18.08,REVIEW,SYNTHETIC / LITERATURE-INFORMED — NOT LAB CALIBRATED,SYNTHETIC_SIMULATION_V2,Empirical Two-Chromophore Ag/Cu Dual-Zone Displacer + Sensor Scatter Noise,Dosimeter Operational Shelf-Life Constraint (>90 Days Discard Rule),TRUE (MODELED DATA)
CP-240,2.00,1.37,2.740,36.6,76.7,101,Ag/Cu Dual-Zone,Expired Chemistry (Aged Pale Violet - Degraded Matrix),46.1,17.4,-7.0,18.17,REVIEW,SYNTHETIC / LITERATURE-INFORMED — NOT LAB CALIBRATED,SYNTHETIC_SIMULATION_V2,Empirical Two-Chromophore Ag/Cu Dual-Zone Displacer + Sensor Scatter Noise,Dosimeter Operational Shelf-Life Constraint (>90 Days Discard Rule),TRUE (MODELED DATA)
CP-241,0.00,4.65,0.000,40.1,40.9,104,Ag/Cu Dual-Zone,Expired Chemistry (Aged Pale Violet - Degraded Matrix),45.5,17.7,-8.3,16.78,REVIEW,SYNTHETIC / LITERATURE-INFORMED — NOT LAB CALIBRATED,SYNTHETIC_SIMULATION_V2,Empirical Two-Chromophore Ag/Cu Dual-Zone Displacer + Sensor Scatter Noise,Dosimeter Operational Shelf-Life Constraint (>90 Days Discard Rule),TRUE (MODELED DATA)
CP-242,0.00,4.27,0.000,24.5,35.9,96,Ag/Cu Dual-Zone,Expired Chemistry (Aged Pale Violet - Degraded Matrix),46.6,16.2,-7.3,18.69,REVIEW,SYNTHETIC / LITERATURE-INFORMED — NOT LAB CALIBRATED,SYNTHETIC_SIMULATION_V2,Empirical Two-Chromophore Ag/Cu Dual-Zone Displacer + Sensor Scatter Noise,Dosimeter Operational Shelf-Life Constraint (>90 Days Discard Rule),TRUE (MODELED DATA)
CP-243,0.25,2.95,0.738,29.2,46.1,104,Ag/Cu Dual-Zone,Expired Chemistry (Aged Pale Violet - Degraded Matrix),46.2,18.1,-7.8,17.22,REVIEW,SYNTHETIC / LITERATURE-INFORMED — NOT LAB CALIBRATED,SYNTHETIC_SIMULATION_V2,Empirical Two-Chromophore Ag/Cu Dual-Zone Displacer + Sensor Scatter Noise,Dosimeter Operational Shelf-Life Constraint (>90 Days Discard Rule),TRUE (MODELED DATA)
CP-244,3.50,6.32,22.120,29.1,61.6,98,Ag/Cu Dual-Zone,Expired Chemistry (Aged Pale Violet - Degraded Matrix),46.1,17.2,-7.4,17.94,REVIEW,SYNTHETIC / LITERATURE-INFORMED — NOT LAB CALIBRATED,SYNTHETIC_SIMULATION_V2,Empirical Two-Chromophore Ag/Cu Dual-Zone Displacer + Sensor Scatter Noise,Dosimeter Operational Shelf-Life Constraint (>90 Days Discard Rule),TRUE (MODELED DATA)
CP-245,0.00,7.63,0.000,31.0,63.8,102,Ag/Cu Dual-Zone,Expired Chemistry (Aged Pale Violet - Degraded Matrix),46.6,16.8,-6.9,18.70,REVIEW,SYNTHETIC / LITERATURE-INFORMED — NOT LAB CALIBRATED,SYNTHETIC_SIMULATION_V2,Empirical Two-Chromophore Ag/Cu Dual-Zone Displacer + Sensor Scatter Noise,Dosimeter Operational Shelf-Life Constraint (>90 Days Discard Rule),TRUE (MODELED DATA)
CP-246,0.10,5.84,0.584,23.7,56.6,91,Ag/Cu Dual-Zone,Expired Chemistry (Aged Pale Violet - Degraded Matrix),46.6,17.1,-7.7,17.91,REVIEW,SYNTHETIC / LITERATURE-INFORMED — NOT LAB CALIBRATED,SYNTHETIC_SIMULATION_V2,Empirical Two-Chromophore Ag/Cu Dual-Zone Displacer + Sensor Scatter Noise,Dosimeter Operational Shelf-Life Constraint (>90 Days Discard Rule),TRUE (MODELED DATA)
CP-247,1.00,1.50,1.500,41.4,36.2,92,Ag/Cu Dual-Zone,Expired Chemistry (Aged Pale Violet - Degraded Matrix),45.4,17.3,-7.1,17.94,REVIEW,SYNTHETIC / LITERATURE-INFORMED — NOT LAB CALIBRATED,SYNTHETIC_SIMULATION_V2,Empirical Two-Chromophore Ag/Cu Dual-Zone Displacer + Sensor Scatter Noise,Dosimeter Operational Shelf-Life Constraint (>90 Days Discard Rule),TRUE (MODELED DATA)
CP-248,0.50,5.76,2.880,24.3,47.8,103,Ag/Cu Dual-Zone,Expired Chemistry (Aged Pale Violet - Degraded Matrix),46.0,17.7,-7.2,17.84,REVIEW,SYNTHETIC / LITERATURE-INFORMED — NOT LAB CALIBRATED,SYNTHETIC_SIMULATION_V2,Empirical Two-Chromophore Ag/Cu Dual-Zone Displacer + Sensor Scatter Noise,Dosimeter Operational Shelf-Life Constraint (>90 Days Discard Rule),TRUE (MODELED DATA)
CP-249,0.50,4.00,2.000,32.0,39.8,93,Ag/Cu Dual-Zone,Expired Chemistry (Aged Pale Violet - Degraded Matrix),46.4,17.4,-7.7,17.70,REVIEW,SYNTHETIC / LITERATURE-INFORMED — NOT LAB CALIBRATED,SYNTHETIC_SIMULATION_V2,Empirical Two-Chromophore Ag/Cu Dual-Zone Displacer + Sensor Scatter Noise,Dosimeter Operational Shelf-Life Constraint (>90 Days Discard Rule),TRUE (MODELED DATA)
CP-250,0.25,6.70,1.675,20.9,39.9,101,Ag/Cu Dual-Zone,Expired Chemistry (Aged Pale Violet - Degraded Matrix),46.3,17.1,-7.1,18.30,REVIEW,SYNTHETIC / LITERATURE-INFORMED — NOT LAB CALIBRATED,SYNTHETIC_SIMULATION_V2,Empirical Two-Chromophore Ag/Cu Dual-Zone Displacer + Sensor Scatter Noise,Dosimeter Operational Shelf-Life Constraint (>90 Days Discard Rule),TRUE (MODELED DATA)
CP-251,0.25,2.45,0.613,26.5,57.7,101,Ag/Cu Dual-Zone,Expired Chemistry (Aged Pale Violet - Degraded Matrix),45.5,17.8,-7.5,17.39,REVIEW,SYNTHETIC / LITERATURE-INFORMED — NOT LAB CALIBRATED,SYNTHETIC_SIMULATION_V2,Empirical Two-Chromophore Ag/Cu Dual-Zone Displacer + Sensor Scatter Noise,Dosimeter Operational Shelf-Life Constraint (>90 Days Discard Rule),TRUE (MODELED DATA)
CP-252,0.00,0.59,0.000,29.1,72.2,93,Ag/Cu Dual-Zone,Expired Chemistry (Aged Pale Violet - Degraded Matrix),46.8,18.2,-8.1,17.14,REVIEW,SYNTHETIC / LITERATURE-INFORMED — NOT LAB CALIBRATED,SYNTHETIC_SIMULATION_V2,Empirical Two-Chromophore Ag/Cu Dual-Zone Displacer + Sensor Scatter Noise,Dosimeter Operational Shelf-Life Constraint (>90 Days Discard Rule),TRUE (MODELED DATA)
CP-253,3.50,1.06,3.710,33.5,61.1,95,Ag/Cu Dual-Zone,Expired Chemistry (Aged Pale Violet - Degraded Matrix),45.3,16.8,-6.5,18.65,REVIEW,SYNTHETIC / LITERATURE-INFORMED — NOT LAB CALIBRATED,SYNTHETIC_SIMULATION_V2,Empirical Two-Chromophore Ag/Cu Dual-Zone Displacer + Sensor Scatter Noise,Dosimeter Operational Shelf-Life Constraint (>90 Days Discard Rule),TRUE (MODELED DATA)
CP-254,0.00,1.76,0.000,37.4,38.1,98,Ag/Cu Dual-Zone,Expired Chemistry (Aged Pale Violet - Degraded Matrix),45.9,17.6,-7.7,17.44,REVIEW,SYNTHETIC / LITERATURE-INFORMED — NOT LAB CALIBRATED,SYNTHETIC_SIMULATION_V2,Empirical Two-Chromophore Ag/Cu Dual-Zone Displacer + Sensor Scatter Noise,Dosimeter Operational Shelf-Life Constraint (>90 Days Discard Rule),TRUE (MODELED DATA)
CP-255,0.50,7.13,3.565,23.2,41.4,95,Ag/Cu Dual-Zone,Expired Chemistry (Aged Pale Violet - Degraded Matrix),46.0,17.9,-8.1,17.00,REVIEW,SYNTHETIC / LITERATURE-INFORMED — NOT LAB CALIBRATED,SYNTHETIC_SIMULATION_V2,Empirical Two-Chromophore Ag/Cu Dual-Zone Displacer + Sensor Scatter Noise,Dosimeter Operational Shelf-Life Constraint (>90 Days Discard Rule),TRUE (MODELED DATA)
CP-256,0.50,2.00,1.000,19.5,46.0,93,Ag/Cu Dual-Zone,Expired Chemistry (Aged Pale Violet - Degraded Matrix),45.3,16.8,-7.0,18.24,REVIEW,SYNTHETIC / LITERATURE-INFORMED — NOT LAB CALIBRATED,SYNTHETIC_SIMULATION_V2,Empirical Two-Chromophore Ag/Cu Dual-Zone Displacer + Sensor Scatter Noise,Dosimeter Operational Shelf-Life Constraint (>90 Days Discard Rule),TRUE (MODELED DATA)
CP-257,3.50,4.14,14.490,36.8,50.0,99,Ag/Cu Dual-Zone,Expired Chemistry (Aged Pale Violet - Degraded Matrix),45.7,17.7,-7.7,17.33,REVIEW,SYNTHETIC / LITERATURE-INFORMED — NOT LAB CALIBRATED,SYNTHETIC_SIMULATION_V2,Empirical Two-Chromophore Ag/Cu Dual-Zone Displacer + Sensor Scatter Noise,Dosimeter Operational Shelf-Life Constraint (>90 Days Discard Rule),TRUE (MODELED DATA)
CP-258,3.50,7.94,27.790,39.5,70.9,91,Ag/Cu Dual-Zone,Expired Chemistry (Aged Pale Violet - Degraded Matrix),47.6,17.5,-6.8,18.81,REVIEW,SYNTHETIC / LITERATURE-INFORMED — NOT LAB CALIBRATED,SYNTHETIC_SIMULATION_V2,Empirical Two-Chromophore Ag/Cu Dual-Zone Displacer + Sensor Scatter Noise,Dosimeter Operational Shelf-Life Constraint (>90 Days Discard Rule),TRUE (MODELED DATA)
CP-259,2.00,0.92,1.840,24.4,72.8,105,Ag/Cu Dual-Zone,Expired Chemistry (Aged Pale Violet - Degraded Matrix),46.6,16.8,-8.2,17.67,REVIEW,SYNTHETIC / LITERATURE-INFORMED — NOT LAB CALIBRATED,SYNTHETIC_SIMULATION_V2,Empirical Two-Chromophore Ag/Cu Dual-Zone Displacer + Sensor Scatter Noise,Dosimeter Operational Shelf-Life Constraint (>90 Days Discard Rule),TRUE (MODELED DATA)
CP-260,0.25,6.55,1.637,38.3,40.8,100,Ag/Cu Dual-Zone,Expired Chemistry (Aged Pale Violet - Degraded Matrix),46.9,17.6,-6.8,18.51,REVIEW,SYNTHETIC / LITERATURE-INFORMED — NOT LAB CALIBRATED,SYNTHETIC_SIMULATION_V2,Empirical Two-Chromophore Ag/Cu Dual-Zone Displacer + Sensor Scatter Noise,Dosimeter Operational Shelf-Life Constraint (>90 Days Discard Rule),TRUE (MODELED DATA)
